,Unnamed: 0,FIPS,Year,Score_County_1,Degree,Neignbor_County_Num,Drug_Use_Condition,Drug_Use_Rank,Rank_Var,Degree_Var,Drug_Use_Var,Drug_Use_Var_n,Source_Potentiel,is_Source,is_Source_Rank,is_Surrounded,is_Affected,is_Affected_Rank
0,0,51001,2010,9.399616469225288,10,0,Normal,1,0,3,Stable,0,-10.0,Not_Likely,0,0.0,Not_Likely,0
1,1,39001,2010,58.57430458342176,59,6,Critical,2,0,-24,Decrease,-2,10.0,Possible,1,4.0,Not_Likely,0
2,2,42001,2010,15.073318122796072,16,3,Normal,1,0,-6,Lightly_Decrease,-1,30.0,Possible,1,24.000000000000004,Possible,1
3,3,51510,2010,7.827486574445651,8,6,Normal,1,-1,-6,Lightly_Decrease,-1,-44.444444444444436,Not_Likely,0,4.52593926245632,Not_Likely,0
4,4,42003,2010,95.74530718395485,96,4,Critical,2,1,552,Extremely_Increase,3,0.0,Not_Likely,0,15.000000000000002,Possible,1
5,5,21003,2010,6.5064318290500704,7,4,Good,0,1,1,Stable,0,14.285714285714285,Possible,1,11.460331180756583,Possible,1
6,6,51007,2010,7.3942211088827445,8,9,Normal,1,0,-2,Stable,0,28.57142857142857,Possible,1,9.285714285714286,Not_Likely,0
7,7,51013,2010,31.951601999801913,32,6,Critical,2,0,-11,Decrease,-2,-44.444444444444436,Not_Likely,0,17.892688359501122,Possible,1
8,8,42005,2010,19.641153734494655,20,3,Normal,1,0,-7,Decrease,-2,14.285714285714285,Possible,1,17.142857142857146,Possible,1
9,9,39005,2010,19.05173534618384,20,5,Normal,1,0,-7,Decrease,-2,-22.222222222222218,Not_Likely,0,17.02944842635991,Possible,1
10,10,39007,2010,16.204080560041582,17,0,Normal,1,1,9,Increase,2,50.0,Highly_Possible,2,83.71803696578101,Highly_Possible,2
11,11,39009,2010,32.96192874922328,33,7,Critical,2,0,32,Increase,2,6.25,Possible,1,5.0,Not_Likely,0
12,12,39011,2010,10.562471221432151,11,6,Normal,1,0,4,Lightly_Increase,1,20.0,Possible,1,24.000000000000004,Possible,1
13,13,54001,2010,2.3828835561300155,3,8,Good,0,1,8,Increase,2,-5.0,Not_Likely,0,3.0000000000000004,Not_Likely,0
14,14,21009,2010,16.921423857112167,17,7,Normal,1,-1,-12,Decrease,-2,-25.0,Not_Likely,0,1.0,Not_Likely,0
15,15,21011,2010,18.964935897218552,19,11,Normal,1,0,-3,Stable,0,-25.0,Not_Likely,0,1.25,Not_Likely,0
16,16,42009,2010,12.893917042602146,13,2,Normal,1,1,7,Increase,2,25.0,Possible,1,10.0,Not_Likely,0
17,17,51019,2010,0.8811059472438714,1,9,Good,0,2,17,Increase,2,3.8461538461538463,Possible,1,21.225270012068446,Possible,1
18,18,21013,2010,55.29224838480853,56,6,Critical,2,0,-24,Decrease,-2,-37.5,Not_Likely,0,1.25,Not_Likely,0
19,19,54003,2010,46.79763777141181,47,5,Critical,2,0,-13,Decrease,-2,25.0,Possible,1,19.761209149386,Possible,1
20,20,42011,2010,27.639200645756933,28,4,Critical,2,0,50,Increase,2,25.0,Possible,1,53.75,Highly_Possible,2
21,21,51021,2010,4.844880657382659,5,6,Good,0,1,5,Lightly_Increase,1,4.166666666666667,Possible,1,8.144906524920554,Not_Likely,0
22,22,21015,2010,33.67326925929124,34,7,Critical,2,-1,-17,Decrease,-2,59.09090909090909,Highly_Possible,2,57.66430681346641,Highly_Possible,2
23,23,54005,2010,10.844713928564994,11,5,Normal,1,0,2,Stable,0,-5.5555555555555545,Not_Likely,0,3.333333333333334,Not_Likely,0
24,24,21023,2010,8.097870551138406,9,11,Normal,1,0,4,Lightly_Increase,1,28.57142857142857,Possible,1,20.0,Possible,1
25,25,54007,2010,2.0555537270529367,3,7,Good,0,1,14,Increase,2,0.0,Not_Likely,0,8.88888888888889,Not_Likely,0
26,26,21025,2010,19.40412824015653,20,8,Normal,1,0,-6,Lightly_Decrease,-1,13.333333333333336,Possible,1,9.438277587420572,Not_Likely,0
27,27,21027,2010,2.1757343108532057,3,5,Good,0,0,2,Stable,0,-21.428571428571427,Not_Likely,0,4.342020977873439,Not_Likely,0
28,28,39015,2010,3.3423334762125223,4,8,Good,0,2,22,Increase,2,36.36363636363637,Possible,1,25.454545454545453,Possible,1
29,29,51029,2010,8.562206208069039,9,5,Normal,1,0,-1,Stable,0,20.83333333333333,Possible,1,5.833333333333333,Not_Likely,0
30,30,42017,2010,174.7655401094131,175,3,Critical,2,1,106,Extremely_Increase,3,0.0,Not_Likely,0,56.72800482760465,Highly_Possible,2
31,31,21029,2010,24.931976986631113,25,6,Critical,2,-1,-16,Decrease,-2,-5.0,Not_Likely,0,16.248603226174005,Possible,1
32,32,39017,2010,20.12750920180951,21,4,Critical,2,0,93,Extremely_Increase,3,55.555555555555564,Highly_Possible,2,70.21143916115606,Highly_Possible,2
33,33,42019,2010,4.647516050038205,5,4,Good,0,1,5,Lightly_Increase,1,43.75,Highly_Possible,2,43.238665634934314,Highly_Possible,2
34,34,54011,2010,21.656920732091077,22,7,Critical,2,0,127,Extremely_Increase,3,-5.5555555555555545,Not_Likely,0,2.2222222222222223,Not_Likely,0
35,35,54013,2010,10.778918515068908,11,7,Normal,1,0,-5,Lightly_Decrease,-1,16.666666666666668,Possible,1,5.833333333333333,Not_Likely,0
36,36,42021,2010,13.983991103801046,14,2,Normal,1,1,23,Increase,2,20.0,Possible,1,11.647146024729857,Possible,1
37,37,42023,2010,1.4075501470994196,2,2,Good,0,1,4,Lightly_Increase,1,-16.666666666666668,Not_Likely,0,12.763838910231982,Possible,1
38,38,42025,2010,11.344107503405429,12,5,Normal,1,0,-1,Stable,0,25.0,Possible,1,32.07123493731441,Highly_Possible,2
39,39,51033,2010,6.946153520392815,7,8,Good,0,1,5,Lightly_Increase,1,-38.46153846153846,Not_Likely,0,2.307692307692308,Not_Likely,0
40,40,21041,2010,6.950983510917633,7,8,Good,0,2,20,Increase,2,-9.090909090909092,Not_Likely,0,20.000000000000004,Possible,1
41,41,39019,2010,6.955114703085742,7,6,Good,0,1,-1,Stable,0,-16.666666666666668,Not_Likely,0,11.7280704464612,Possible,1
42,42,21043,2010,53.62435297947017,54,7,Critical,2,-1,-40,Decrease,-2,-23.07692307692308,Not_Likely,0,16.914390323884014,Possible,1
43,43,21045,2010,9.1699067820601,10,8,Normal,1,0,-3,Stable,0,-21.428571428571427,Not_Likely,0,11.693600548503419,Possible,1
44,44,51540,2010,4.8044225224841135,5,8,Good,0,0,-3,Stable,0,-3.8461538461538463,Not_Likely,0,15.870119526900398,Possible,1
45,45,51550,2010,9.463833262710882,10,8,Normal,1,-1,-8,Decrease,-2,-60.0,Not_Likely,0,6.102974811340267,Not_Likely,0
46,46,42029,2010,29.860517077253377,30,3,Critical,2,0,26,Increase,2,-8.333333333333334,Not_Likely,0,38.775715658184666,Highly_Possible,2
47,47,51041,2010,23.94323143184875,24,13,Critical,2,0,9,Increase,2,26.470588235294123,Possible,1,20.9271546062438,Possible,1
48,48,21047,2010,16.17840756250781,17,5,Normal,1,0,-6,Lightly_Decrease,-1,-31.25,Not_Likely,0,1.25,Not_Likely,0
49,49,42031,2010,10.292950263900947,11,4,Normal,1,1,7,Increase,2,16.666666666666668,Possible,1,38.333333333333336,Highly_Possible,2
50,50,42033,2010,6.960560538107206,7,2,Good,0,0,-3,Stable,0,7.142857142857142,Possible,1,7.974090676803117,Not_Likely,0
51,51,39025,2010,1.8873681047744983,2,9,Good,0,3,151,Extremely_Increase,3,38.46153846153846,Possible,1,43.84615384615385,Highly_Possible,2
52,52,39027,2010,32.26070019870882,33,5,Critical,2,0,-12,Decrease,-2,5.5555555555555545,Possible,1,5.555555555555555,Not_Likely,0
53,53,51570,2010,1.7186302273989371,2,11,Good,0,1,9,Increase,2,22.222222222222218,Possible,1,8.888888888888891,Not_Likely,0
54,54,42037,2010,16.06884963132833,17,5,Normal,1,0,-1,Stable,0,-7.142857142857142,Not_Likely,0,5.714285714285714,Not_Likely,0
55,55,39029,2010,13.302524327764598,14,7,Normal,1,-1,-9,Decrease,-2,-13.636363636363635,Not_Likely,0,7.052962181741069,Not_Likely,0
56,56,39033,2010,14.99324741879299,15,6,Normal,1,0,-7,Decrease,-2,-33.333333333333336,Not_Likely,0,5.2514276355589296,Not_Likely,0
57,57,42039,2010,10.742919861477716,11,3,Normal,1,1,11,Increase,2,50.0,Highly_Possible,2,81.99999999999999,Highly_Possible,2
58,58,21055,2010,7.577317129227858,8,5,Normal,1,0,7,Increase,2,-12.5,Not_Likely,0,1.25,Not_Likely,0
59,59,39035,2010,126.12324735603485,127,1,Critical,2,0,13,Increase,2,62.5,Highly_Possible,2,86.1778507630716,Highly_Possible,2
60,60,51590,2010,7.750654776714821,8,3,Normal,1,0,0,Stable,0,40.0,Possible,1,46.247011445029294,Highly_Possible,2
61,61,42043,2010,12.606088633003266,13,5,Normal,1,1,46,Increase,2,38.888888888888886,Possible,1,41.22923644770453,Highly_Possible,2
62,62,21059,2010,10.484656577629382,11,4,Normal,1,0,2,Stable,0,-6.25,Not_Likely,0,0.0,Not_Likely,0
63,63,39039,2010,27.980306139368125,28,5,Critical,2,0,-10,Decrease,-2,-14.285714285714285,Not_Likely,0,2.857142857142857,Not_Likely,0
64,64,39041,2010,353.61049089022265,354,5,Severe,3,-1,-323,Extremely_Decrease,-3,18.75,Possible,1,15.0,Possible,1
65,65,42045,2010,26.276247946494752,27,3,Critical,2,0,64,Increase,2,20.0,Possible,1,31.02456411969782,Highly_Possible,2
66,66,51051,2010,15.91947364694313,16,6,Normal,1,-1,-13,Decrease,-2,0.0,Not_Likely,0,5.736577959347571,Not_Likely,0
67,67,54017,2010,11.776937927121079,12,8,Normal,1,0,-1,Stable,0,8.333333333333334,Possible,1,5.833333333333333,Not_Likely,0
68,68,39043,2010,22.612983282168184,23,3,Critical,2,0,8,Increase,2,20.0,Possible,1,29.90421665501408,Possible,1
69,69,42049,2010,41.78317846497092,42,1,Critical,2,0,-18,Decrease,-2,33.333333333333336,Possible,1,80.48351859497367,Highly_Possible,2
70,70,51057,2010,11.405048255242884,12,6,Normal,1,-1,-9,Decrease,-2,-13.636363636363635,Not_Likely,0,6.767099565704,Not_Likely,0
71,71,51059,2010,134.41019313989207,135,9,Critical,2,0,-55,Decrease,-2,-30.0,Not_Likely,0,2.4131905940118603,Not_Likely,0
72,72,21001,2010,12.02170909544038,13,8,Normal,1,-1,-11,Decrease,-2,-30.76923076923077,Not_Likely,0,6.6486637499574766,Not_Likely,0
73,73,51003,2010,7.618920282530817,8,7,Normal,1,-1,-7,Decrease,-2,-3.8461538461538463,Not_Likely,0,17.145947527370087,Possible,1
74,74,51005,2010,15.78562340146397,16,7,Normal,1,0,-7,Decrease,-2,-41.66666666666666,Not_Likely,0,4.5284982383052474,Not_Likely,0
75,75,39003,2010,24.37884991332639,25,6,Critical,2,0,15,Increase,2,0.0,Not_Likely,0,28.536648931409196,Possible,1
76,76,51009,2010,12.59177142230201,13,9,Normal,1,0,2,Stable,0,-13.333333333333336,Not_Likely,0,3.3333333333333335,Not_Likely,0
77,77,51015,2010,10.053816307326077,11,7,Normal,1,-1,-8,Decrease,-2,-20.0,Not_Likely,0,5.003797159911099,Not_Likely,0
78,78,51017,2010,2.6687212250353487,3,7,Good,0,0,1,Stable,0,-45.45454545454545,Not_Likely,0,0.0,Not_Likely,0
79,79,42007,2010,16.592428932203816,17,7,Normal,1,1,5,Lightly_Increase,1,15.0,Possible,1,29.66440385853393,Possible,1
80,80,39013,2010,13.352984820284345,14,8,Normal,1,0,3,Stable,0,-30.0,Not_Likely,0,7.750003320380434,Not_Likely,0
81,81,21017,2010,4.901753194029321,5,10,Good,0,0,-4,Lightly_Decrease,-1,-19.444444444444443,Not_Likely,0,2.990064685262424,Not_Likely,0
82,82,21019,2010,47.677621243635855,48,7,Critical,2,-1,-35,Decrease,-2,9.090909090909092,Possible,1,14.71184462707049,Possible,1
83,83,21021,2010,7.8159637177711225,8,10,Normal,1,0,1,Stable,0,-16.666666666666668,Not_Likely,0,0.6666666666666666,Not_Likely,0
84,84,51520,2010,26.0717767143182,27,3,Critical,2,-2,-23,Decrease,-2,0.0,Not_Likely,0,1.9793396409551387,Not_Likely,0
85,85,51027,2010,4.778657443476318,5,5,Good,0,1,11,Increase,2,-22.222222222222218,Not_Likely,0,7.396673173837458,Not_Likely,0
86,86,51530,2010,3.0635873768719764,4,9,Good,0,1,6,Lightly_Increase,1,-23.33333333333333,Not_Likely,0,1.3333333333333333,Not_Likely,0
87,87,21035,2010,5.405858317256796,6,4,Good,0,0,-3,Stable,0,-30.0,Not_Likely,0,2.0,Not_Likely,0
88,88,21037,2010,45.00139761008208,46,9,Critical,2,0,19,Increase,2,42.857142857142854,Highly_Possible,2,57.403405135523556,Highly_Possible,2
89,89,51031,2010,9.481096555660844,10,6,Normal,1,0,-4,Lightly_Decrease,-1,20.0,Possible,1,8.0,Not_Likely,0
90,90,51035,2010,15.154949702041247,16,7,Normal,1,0,-8,Decrease,-2,-5.0,Not_Likely,0,23.15809106954548,Possible,1
91,91,42027,2010,15.99313250335897,16,2,Normal,1,1,9,Increase,2,33.333333333333336,Possible,1,10.0,Not_Likely,0
92,92,39021,2010,26.565873110949546,27,6,Critical,2,-1,-13,Decrease,-2,0.0,Not_Likely,0,7.712184558705249,Not_Likely,0
93,93,21049,2010,40.439409328515175,41,10,Critical,2,-1,-33,Decrease,-2,-38.23529411764706,Not_Likely,0,2.7575232112070984,Not_Likely,0
94,94,51043,2010,7.052031025574866,8,7,Normal,1,0,6,Lightly_Increase,1,16.666666666666668,Possible,1,7.499999999999999,Not_Likely,0
95,95,21051,2010,8.682895828651416,9,8,Normal,1,1,16,Increase,2,11.538461538461537,Possible,1,5.384615384615385,Not_Likely,0
96,96,21053,2010,1.4515073237872749,2,5,Good,0,0,3,Stable,0,-25.0,Not_Likely,0,0.0,Not_Likely,0
97,97,42035,2010,9.618958462156877,10,1,Normal,1,0,0,Stable,0,41.66666666666666,Possible,1,8.333333333333334,Not_Likely,0
98,98,39031,2010,4.095604855691767,5,5,Good,0,0,-3,Stable,0,-12.5,Not_Likely,0,28.40175157005897,Possible,1
99,99,51045,2010,12.324698997599668,13,9,Normal,1,0,-5,Lightly_Decrease,-1,-50.0,Not_Likely,0,0.0,Not_Likely,0
100,100,51047,2010,26.193286154452338,27,10,Critical,2,-1,-12,Decrease,-2,-14.285714285714285,Not_Likely,0,2.1428571428571432,Not_Likely,0
101,101,21057,2010,11.06041611247627,12,5,Normal,1,0,-4,Lightly_Decrease,-1,-44.444444444444436,Not_Likely,0,0.0,Not_Likely,0
102,102,51049,2010,4.20507570530727,5,7,Good,0,1,5,Lightly_Increase,1,40.0,Possible,1,8.0,Not_Likely,0
103,103,39037,2010,10.803004094823532,11,4,Normal,1,0,3,Stable,0,42.857142857142854,Highly_Possible,2,35.71428571428572,Highly_Possible,2
104,104,51053,2010,0.02231655144520581,1,11,Good,0,1,14,Increase,2,12.5,Possible,1,8.125,Not_Likely,0
105,105,21063,2010,14.430385487187447,15,8,Normal,1,0,-8,Decrease,-2,-25.0,Not_Likely,0,1.4285714285714286,Not_Likely,0
106,106,51600,2010,3.4217491304722314,4,8,Good,0,0,-2,Stable,0,-30.0,Not_Likely,0,3.434949692853654,Not_Likely,0
107,107,39045,2010,7.326855051660316,8,5,Normal,1,0,7,Increase,2,57.14285714285714,Highly_Possible,2,47.08276062662507,Highly_Possible,2
108,108,21005,2010,12.363749613337749,13,11,Normal,1,0,-7,Decrease,-2,-25.0,Not_Likely,0,6.604934983626942,Not_Likely,0
109,109,51515,2010,8.941365928047247,9,9,Normal,1,-1,-6,Lightly_Decrease,-1,3.8461538461538463,Possible,1,18.126313559258644,Possible,1
110,110,42013,2010,49.89528426843758,50,2,Critical,2,-1,-35,Decrease,-2,16.666666666666668,Possible,1,19.33106647730542,Possible,1
111,111,51023,2010,19.360393422715386,20,10,Normal,1,0,-7,Decrease,-2,-25.0,Not_Likely,0,16.074858130355356,Possible,1
112,112,42015,2010,17.987028183461202,18,1,Normal,1,0,-9,Decrease,-2,-50.0,Not_Likely,0,4.0399553094288505,Not_Likely,0
113,113,51037,2010,9.49606494222872,10,6,Normal,1,0,-2,Stable,0,12.5,Possible,1,8.75,Not_Likely,0
114,114,42041,2010,15.507539871681821,16,5,Normal,1,0,-8,Decrease,-2,43.75,Highly_Possible,2,18.750000000000007,Possible,1
115,115,42047,2010,8.54208129399461,9,4,Normal,1,-1,-8,Decrease,-2,-8.333333333333334,Not_Likely,0,21.40159256133229,Possible,1
116,116,51595,2010,13.620214468325047,14,5,Normal,1,-1,-11,Decrease,-2,-31.25,Not_Likely,0,9.47692232396025,Not_Likely,0
117,117,21065,2010,18.45466561897187,19,10,Normal,1,-1,-14,Decrease,-2,-6.25,Not_Likely,0,19.19994504134298,Possible,1
118,118,54009,2010,7.902446720151098,8,8,Normal,1,0,1,Stable,0,-11.538461538461537,Not_Likely,0,0.7692307692307693,Not_Likely,0
119,119,21031,2010,9.634124506025687,10,6,Normal,1,0,-2,Stable,0,6.25,Possible,1,3.7500000000000004,Not_Likely,0
120,120,21039,2010,0.0021115684381398515,1,5,Good,0,0,3,Stable,0,14.285714285714285,Possible,1,11.821900009404187,Possible,1
121,121,39023,2010,4.0533745175989,5,6,Good,0,1,2,Stable,0,0.0,Not_Likely,0,3.6363636363636362,Not_Likely,0
122,122,54015,2010,10.489643388696127,11,6,Normal,1,0,4,Lightly_Increase,1,16.666666666666668,Possible,1,8.88888888888889,Not_Likely,0
123,123,21007,2010,2.145967354597364,3,4,Good,0,1,4,Lightly_Increase,1,14.285714285714285,Possible,1,8.571428571428571,Not_Likely,0
124,124,51025,2010,9.574535180017168,10,6,Normal,1,-1,-9,Decrease,-2,-18.75,Not_Likely,0,18.06101815291533,Possible,1
125,125,21033,2010,8.89321944428431,9,7,Normal,1,0,-1,Stable,0,-15.0,Not_Likely,0,1.0,Not_Likely,0
126,126,51610,2010,0.9575535742387712,1,7,Good,0,0,4,Lightly_Increase,1,-30.0,Not_Likely,0,0.0,Not_Likely,0
127,127,21067,2010,118.18184775764259,119,12,Critical,2,0,26,Increase,2,-53.125,Not_Likely,0,0.0,Not_Likely,0
128,128,21061,2010,8.315458690059426,9,5,Normal,1,0,4,Lightly_Increase,1,-27.272727272727273,Not_Likely,0,1.8181818181818181,Not_Likely,0
129,129,51061,2010,15.932757774340125,16,10,Normal,1,1,40,Increase,2,-11.764705882352944,Not_Likely,0,2.9411764705882355,Not_Likely,0
130,130,51011,2010,4.325194915482635,5,7,Good,0,0,0,Stable,0,22.222222222222218,Possible,1,15.683131880336347,Possible,1
131,131,39047,2010,10.433490759190775,11,7,Normal,1,-1,-7,Decrease,-2,-12.5,Not_Likely,0,2.5,Not_Likely,0
132,132,42051,2010,3.0887152511526565,4,3,Good,0,2,31,Increase,2,-50.0,Not_Likely,0,18.8688342572999,Possible,1
133,133,21071,2010,39.97619598810253,40,5,Critical,2,0,3,Stable,0,-4.166666666666667,Not_Likely,0,2.5000000000000004,Not_Likely,0
134,134,51063,2010,0.6733698292383451,1,8,Good,0,0,3,Stable,0,11.538461538461537,Possible,1,19.467296739807004,Possible,1
135,135,51065,2010,9.33358729508098,10,7,Normal,1,0,2,Stable,0,13.636363636363635,Possible,1,3.6363636363636362,Not_Likely,0
136,136,21073,2010,22.694260775732346,23,10,Critical,2,0,1,Stable,0,-22.222222222222218,Not_Likely,0,1.4250947015079287,Not_Likely,0
137,137,39049,2010,176.76313436039678,177,6,Critical,2,1,74,Extremely_Increase,3,21.428571428571427,Possible,1,59.13669456703545,Highly_Possible,2
138,138,42055,2010,14.033226510048282,15,3,Normal,1,1,12,Increase,2,-16.666666666666668,Not_Likely,0,23.333333333333332,Possible,1
139,139,51067,2010,11.35521765766996,12,8,Normal,1,1,8,Increase,2,27.272727272727273,Possible,1,28.74173289400274,Possible,1
140,140,51069,2010,18.95457764524821,19,8,Normal,1,1,21,Increase,2,4.166666666666667,Possible,1,8.333333333333332,Not_Likely,0
141,141,21075,2010,0.86795049387541,1,2,Good,0,0,4,Lightly_Increase,1,10.0,Possible,1,10.0,Not_Likely,0
142,142,42057,2010,4.6994060480072815,5,3,Good,0,1,6,Lightly_Increase,1,33.333333333333336,Possible,1,8.333333333333334,Not_Likely,0
143,143,51640,2010,8.165568649942971,9,4,Normal,1,0,2,Stable,0,15.0,Possible,1,13.390310627784363,Possible,1
144,144,39053,2010,49.95699460762032,50,6,Critical,2,0,-21,Decrease,-2,-16.666666666666668,Not_Likely,0,1.1111111111111112,Not_Likely,0
145,145,39055,2010,11.794446412151276,12,2,Normal,1,0,-1,Stable,0,64.28571428571429,Highly_Possible,2,64.08892507427741,Highly_Possible,2
146,146,51071,2010,26.83904188769473,27,8,Critical,2,0,8,Increase,2,-8.333333333333334,Not_Likely,0,2.5000000000000004,Not_Likely,0
147,147,51073,2010,11.05076487755151,12,13,Normal,1,0,-2,Stable,0,-25.0,Not_Likely,0,1.1111111111111112,Not_Likely,0
148,148,51075,2010,4.416818628392085,5,8,Good,0,0,-3,Stable,0,-3.8461538461538463,Not_Likely,0,6.153846153846154,Not_Likely,0
149,149,21081,2010,7.478625187655433,8,11,Normal,1,0,1,Stable,0,7.142857142857142,Possible,1,27.569811338335114,Possible,1
150,150,54023,2010,2.614014948322212,3,4,Good,0,1,7,Increase,2,-14.285714285714285,Not_Likely,0,4.2857142857142865,Not_Likely,0
151,151,21083,2010,11.089683646979184,12,6,Normal,1,0,-5,Lightly_Decrease,-1,11.111111111111109,Possible,1,10.675957065407577,Possible,1
152,152,21085,2010,13.303005407824873,14,6,Normal,1,-1,-9,Decrease,-2,-4.545454545454546,Not_Likely,0,17.185310133573022,Possible,1
153,153,51077,2010,10.075687220722198,11,4,Normal,1,0,-5,Lightly_Decrease,-1,8.333333333333334,Possible,1,8.333333333333334,Not_Likely,0
154,154,54025,2010,10.009556896392438,11,4,Normal,1,0,-2,Stable,0,-44.444444444444436,Not_Likely,0,12.93667299118757,Possible,1
155,155,39057,2010,39.85616835216493,40,7,Critical,2,0,22,Increase,2,0.0,Not_Likely,0,4.444444444444445,Not_Likely,0
156,156,42059,2010,15.04139317497582,16,6,Normal,1,0,-4,Lightly_Decrease,-1,-20.0,Not_Likely,0,0.0,Not_Likely,0
157,157,51079,2010,7.870455297179848,8,9,Normal,1,0,-1,Stable,0,-7.142857142857142,Not_Likely,0,20.54355374462981,Possible,1
158,158,39059,2010,20.35038207884864,21,6,Critical,2,-1,-8,Decrease,-2,-44.444444444444436,Not_Likely,0,0.0,Not_Likely,0
159,159,51083,2010,13.66954847765517,14,3,Normal,1,0,2,Stable,0,8.333333333333334,Possible,1,8.333333333333334,Not_Likely,0
160,160,39061,2010,117.97332099726276,118,6,Critical,2,1,434,Extremely_Increase,3,50.0,Highly_Possible,2,70.23743601473979,Highly_Possible,2
161,161,51650,2010,9.100643494200396,10,13,Normal,1,0,-4,Lightly_Decrease,-1,-46.875,Not_Likely,0,0.0,Not_Likely,0
162,162,39063,2010,30.246776961006013,31,6,Critical,2,0,-13,Decrease,-2,-5.5555555555555545,Not_Likely,0,3.7425225653897485,Not_Likely,0
163,163,51085,2010,28.53140442314578,29,9,Critical,2,-1,-16,Decrease,-2,2.9411764705882355,Possible,1,16.025310359779763,Possible,1
164,164,39065,2010,25.41880923369673,26,7,Critical,2,0,-8,Decrease,-2,-36.36363636363637,Not_Likely,0,26.128290145699882,Possible,1
165,165,54031,2010,9.916332777933407,10,4,Normal,1,-1,-5,Lightly_Decrease,-1,20.0,Possible,1,7.0,Not_Likely,0
166,166,54033,2010,5.689415068230756,6,9,Good,0,1,10,Increase,2,12.5,Possible,1,14.00376000156691,Possible,1
167,167,51660,2010,2.4654036077749075,3,7,Good,0,1,6,Lightly_Increase,1,-8.333333333333334,Not_Likely,0,1.6666666666666667,Not_Likely,0
168,168,21099,2010,8.846826363885082,9,8,Normal,1,-1,-4,Lightly_Decrease,-1,-36.36363636363637,Not_Likely,0,0.0,Not_Likely,0
169,169,21101,2010,5.044189962136095,6,4,Good,0,1,3,Stable,0,-16.666666666666668,Not_Likely,0,9.439672984980168,Not_Likely,0
170,170,51087,2010,33.54767655633172,34,12,Critical,2,0,71,Extremely_Increase,3,19.444444444444443,Possible,1,7.777777777777778,Not_Likely,0
171,171,51089,2010,3.4631261940614784,4,4,Good,0,1,9,Increase,2,57.14285714285714,Highly_Possible,2,35.71428571428572,Highly_Possible,2
172,172,39075,2010,11.821377071051705,12,5,Normal,1,-1,-7,Decrease,-2,-37.5,Not_Likely,0,1.25,Not_Likely,0
173,173,21107,2010,21.846505410592798,22,5,Critical,2,-1,-13,Decrease,-2,-15.0,Not_Likely,0,2.5147037109347736,Not_Likely,0
174,174,42061,2010,16.247312011076268,17,3,Normal,1,0,-2,Stable,0,37.5,Possible,1,8.75,Not_Likely,0
175,175,39077,2010,22.114594963625496,23,6,Critical,2,-1,-7,Decrease,-2,0.0,Not_Likely,0,13.0,Possible,1
176,176,42063,2010,36.225049347358045,37,3,Critical,2,0,2,Stable,0,-20.0,Not_Likely,0,4.0,Not_Likely,0
177,177,39079,2010,36.5314117854636,37,5,Critical,2,-1,-27,Decrease,-2,-9.090909090909092,Not_Likely,0,21.072750923493242,Possible,1
178,178,54035,2010,8.596566674655728,9,7,Normal,1,0,0,Stable,0,-10.0,Not_Likely,0,3.0000000000000004,Not_Likely,0
179,179,51095,2010,11.802124084090257,12,15,Normal,1,0,-1,Stable,0,0.0,Not_Likely,0,16.3892426365597,Possible,1
180,180,21111,2010,271.5899986849956,272,5,Severe,3,0,74,Extremely_Increase,3,-5.5555555555555545,Not_Likely,0,1.1111111111111112,Not_Likely,0
181,181,39081,2010,10.972008054413164,11,9,Normal,1,0,-4,Lightly_Decrease,-1,-25.0,Not_Likely,0,3.232661478323418,Not_Likely,0
182,182,42065,2010,19.157964786147577,20,4,Normal,1,0,-3,Stable,0,-14.285714285714285,Not_Likely,0,5.714285714285714,Not_Likely,0
183,183,54037,2010,9.97499097007618,10,6,Normal,1,-1,-9,Decrease,-2,-12.5,Not_Likely,0,10.05485668711061,Possible,1
184,184,21115,2010,8.030554906948595,9,7,Normal,1,0,7,Increase,2,-32.142857142857146,Not_Likely,0,2.1428571428571432,Not_Likely,0
185,185,21117,2010,109.62103982350577,110,8,Critical,2,0,13,Increase,2,50.0,Highly_Possible,2,39.28571428571427,Highly_Possible,2
186,186,51099,2010,11.142667567086338,12,6,Normal,1,0,-3,Stable,0,-44.444444444444436,Not_Likely,0,0.0,Not_Likely,0
187,187,51101,2010,0.1154104396936396,1,9,Good,0,1,6,Lightly_Increase,1,5.5555555555555545,Possible,1,5.5555555555555545,Not_Likely,0
188,188,21119,2010,49.351290165353824,50,6,Critical,2,-1,-44,Decrease,-2,0.0,Not_Likely,0,3.305289410482323,Not_Likely,0
189,189,21121,2010,39.48600391018324,40,5,Critical,2,-2,-35,Decrease,-2,-11.111111111111109,Not_Likely,0,2.2222222222222223,Not_Likely,0
190,190,39083,2010,9.072741121028438,10,5,Normal,1,0,0,Stable,0,-25.0,Not_Likely,0,30.654446903681233,Highly_Possible,2
191,191,42069,2010,104.44156433579552,105,6,Critical,2,0,-30,Decrease,-2,-31.25,Not_Likely,0,1.25,Not_Likely,0
192,192,39085,2010,85.0889613793823,86,1,Critical,2,1,84,Extremely_Increase,3,87.5,Highly_Possible,2,100.0,Highly_Possible,2
193,193,42071,2010,76.28359939174756,77,4,Critical,2,0,-17,Decrease,-2,50.0,Highly_Possible,2,42.0,Highly_Possible,2
194,194,21125,2010,19.297066097110925,20,6,Normal,1,1,54,Increase,2,0.0,Not_Likely,0,4.0,Not_Likely,0
195,195,42075,2010,15.536330937080985,16,4,Normal,1,1,2,Stable,0,42.857142857142854,Highly_Possible,2,38.562817728414075,Highly_Possible,2
196,196,42077,2010,84.46363704852249,85,4,Critical,2,0,23,Increase,2,43.75,Highly_Possible,2,41.25,Highly_Possible,2
197,197,39089,2010,40.84238346802292,41,6,Critical,2,1,255,Extremely_Increase,3,44.444444444444436,Highly_Possible,2,25.555555555555557,Possible,1
198,198,21141,2010,9.431670378091836,10,5,Normal,1,0,-4,Lightly_Decrease,-1,14.285714285714285,Possible,1,4.2857142857142865,Not_Likely,0
199,199,39091,2010,21.715396939225418,22,5,Critical,2,-1,-10,Decrease,-2,-15.0,Not_Likely,0,8.316902356746983,Not_Likely,0
200,200,54045,2010,28.241556597119107,29,5,Critical,2,-1,-18,Decrease,-2,-35.0,Not_Likely,0,1.0,Not_Likely,0
201,201,51107,2010,43.925657820694774,44,9,Critical,2,-2,-41,Decrease,-2,-16.666666666666668,Not_Likely,0,6.7989556431149705,Not_Likely,0
202,202,51109,2010,1.4025871649540538,2,7,Good,0,1,11,Increase,2,-13.333333333333336,Not_Likely,0,7.67536030820796,Not_Likely,0
203,203,21069,2010,10.832289474855902,11,10,Normal,1,0,-1,Stable,0,-30.0,Not_Likely,0,2.6666666666666665,Not_Likely,0
204,204,51620,2010,3.416727328621418,4,5,Good,0,0,-2,Stable,0,-54.54545454545455,Not_Likely,0,7.410444386661868,Not_Likely,0
205,205,51630,2010,14.106886442061016,15,8,Normal,1,0,-9,Decrease,-2,-29.16666666666667,Not_Likely,0,0.8333333333333334,Not_Likely,0
206,206,39051,2010,14.071215816281512,15,4,Normal,1,-1,-11,Decrease,-2,0.0,Not_Likely,0,10.021082132157163,Possible,1
207,207,21079,2010,6.290420616815012,7,9,Good,0,0,-4,Lightly_Decrease,-1,-31.25,Not_Likely,0,1.25,Not_Likely,0
208,208,21087,2010,11.824026219801668,12,7,Normal,1,-1,-9,Decrease,-2,-32.142857142857146,Not_Likely,0,17.92508437003801,Possible,1
209,209,51081,2010,14.932910391893742,15,5,Normal,1,-1,-13,Decrease,-2,-35.714285714285715,Not_Likely,0,11.607257923973652,Possible,1
210,210,21089,2010,13.317502201620009,14,5,Normal,1,-1,-9,Decrease,-2,-37.5,Not_Likely,0,1.6666666666666667,Not_Likely,0
211,211,54029,2010,8.851787027399574,9,7,Normal,1,-1,-6,Lightly_Decrease,-1,0.0,Not_Likely,0,2.5000000000000004,Not_Likely,0
212,212,21095,2010,56.369898062565724,57,5,Critical,2,0,-1,Stable,0,-9.090909090909092,Not_Likely,0,49.58590420253938,Highly_Possible,2
213,213,21097,2010,12.730163475880532,13,10,Normal,1,-1,-12,Decrease,-2,-2.631578947368421,Not_Likely,0,14.565303817271438,Possible,1
214,214,21103,2010,9.312916947104114,10,8,Normal,1,0,-4,Lightly_Decrease,-1,-17.857142857142858,Not_Likely,0,11.511434909692278,Possible,1
215,215,39071,2010,55.10809500886175,56,7,Critical,2,-2,-54,Decrease,-2,-11.111111111111109,Not_Likely,0,8.589227492864758,Not_Likely,0
216,216,51670,2010,9.63477639335404,10,13,Normal,1,-1,-5,Lightly_Decrease,-1,13.888888888888891,Possible,1,16.50084894153697,Possible,1
217,217,21109,2010,13.5258747427882,14,8,Normal,1,1,17,Increase,2,10.714285714285714,Possible,1,3.5714285714285716,Not_Likely,0
218,218,21113,2010,51.46345701711665,52,12,Critical,2,0,-19,Decrease,-2,-43.33333333333334,Not_Likely,0,0.0,Not_Likely,0
219,219,54039,2010,1.6983308478858756,2,4,Good,0,2,92,Extremely_Increase,3,18.75,Possible,1,6.25,Not_Likely,0
220,220,21127,2010,6.453437711663011,7,7,Good,0,1,7,Increase,2,-7.6923076923076925,Not_Likely,0,2.307692307692308,Not_Likely,0
221,221,42073,2010,28.20695261382809,29,5,Critical,2,0,-5,Lightly_Decrease,-1,31.25,Possible,1,30.000000000000004,Highly_Possible,2
222,222,21129,2010,14.835587838651257,15,8,Normal,1,1,14,Increase,2,6.25,Possible,1,5.0,Not_Likely,0
223,223,21131,2010,18.925980917285386,19,10,Normal,1,0,-12,Decrease,-2,-13.636363636363635,Not_Likely,0,3.6363636363636362,Not_Likely,0
224,224,21133,2010,15.072107263270832,16,7,Normal,1,1,18,Increase,2,-25.0,Not_Likely,0,0.8333333333333334,Not_Likely,0
225,225,21135,2010,9.124654371476595,10,7,Normal,1,0,-1,Stable,0,-30.0,Not_Likely,0,2.0,Not_Likely,0
226,226,21137,2010,7.634627007666753,8,8,Normal,1,0,1,Stable,0,-11.538461538461537,Not_Likely,0,1.720523054355012,Not_Likely,0
227,227,21139,2010,6.6607971130682815,7,5,Good,0,1,1,Stable,0,6.25,Possible,1,3.7500000000000004,Not_Likely,0
228,228,39093,2010,13.160907264762125,14,3,Normal,1,0,-3,Stable,0,40.0,Possible,1,24.0,Possible,1
229,229,54019,2010,2.8329261493976263,3,4,Good,0,1,6,Lightly_Increase,1,18.75,Possible,1,22.7021402743427,Possible,1
230,230,21093,2010,11.20302134332968,12,7,Normal,1,-1,-7,Decrease,-2,-30.0,Not_Likely,0,2.538992489423595,Not_Likely,0
231,231,39073,2010,12.595416757300413,13,4,Normal,1,0,-3,Stable,0,15.0,Possible,1,15.000000000000004,Possible,1
232,232,42067,2010,3.3676598632012062,4,5,Good,0,1,7,Increase,2,33.333333333333336,Possible,1,24.829662685613105,Possible,1
233,233,51105,2010,19.82870485230175,20,4,Normal,1,0,-8,Decrease,-2,-25.0,Not_Likely,0,18.66472350413226,Possible,1
234,234,39095,2010,139.87153413378857,140,3,Critical,2,1,88,Extremely_Increase,3,30.0,Possible,1,26.0,Possible,1
235,235,51111,2010,8.88410928507137,9,6,Normal,1,0,1,Stable,0,18.75,Possible,1,9.692408802213375,Not_Likely,0
236,236,42079,2010,74.82325071233569,75,4,Critical,2,0,3,Stable,0,-16.666666666666668,Not_Likely,0,3.333333333333334,Not_Likely,0
237,237,42081,2010,15.895675155558347,16,4,Normal,1,1,12,Increase,2,16.666666666666668,Possible,1,23.95783516166791,Possible,1
238,238,51680,2010,0.741691887145116,1,7,Good,0,0,1,Stable,0,0.0,Not_Likely,0,11.675242874867912,Possible,1
239,239,21143,2010,8.687174869318996,9,6,Normal,1,-1,-8,Decrease,-2,-10.0,Not_Likely,0,11.60120535728787,Possible,1
240,240,21151,2010,41.68180416133481,42,10,Critical,2,-2,-37,Decrease,-2,-12.5,Not_Likely,0,11.765309225572594,Possible,1
241,241,51113,2010,1.0690981330897933,2,7,Good,0,1,9,Increase,2,0.0,Not_Likely,0,2.6666666666666665,Not_Likely,0
242,242,21153,2010,4.654004410292061,5,7,Good,0,1,5,Lightly_Increase,1,3.8461538461538463,Possible,1,3.076923076923077,Not_Likely,0
243,243,39099,2010,153.71758606891441,154,4,Critical,2,1,68,Extremely_Increase,3,10.0,Possible,1,16.0,Possible,1
244,244,39101,2010,26.05914003928716,27,6,Critical,2,-1,-16,Decrease,-2,-55.0,Not_Likely,0,4.671291735316654,Not_Likely,0
245,245,54049,2010,15.494636971369513,16,8,Normal,1,0,-6,Lightly_Decrease,-1,-9.090909090909092,Not_Likely,0,43.50578347463936,Highly_Possible,2
246,246,54051,2010,10.87763108103593,11,7,Normal,1,0,-2,Stable,0,-27.272727272727273,Not_Likely,0,0.0,Not_Likely,0
247,247,21159,2010,6.452233057503692,7,7,Good,0,0,-5,Lightly_Decrease,-1,-5.0,Not_Likely,0,15.789915038861261,Possible,1
248,248,51690,2010,5.5012971416997365,6,5,Good,0,1,2,Stable,0,57.14285714285714,Highly_Possible,2,35.71428571428572,Highly_Possible,2
249,249,21161,2010,5.881745897741841,6,10,Good,0,2,12,Increase,2,7.142857142857142,Possible,1,5.0,Not_Likely,0
250,250,54053,2010,14.490774831589643,15,6,Normal,1,-1,-10,Decrease,-2,-27.777777777777782,Not_Likely,0,1.1111111111111112,Not_Likely,0
251,251,21145,2010,9.20068417623208,10,6,Normal,1,0,4,Lightly_Increase,1,-6.25,Not_Likely,0,23.75330839695755,Possible,1
252,252,21147,2010,10.861798215614645,11,3,Normal,1,0,0,Stable,0,-31.25,Not_Likely,0,2.043283668897542,Not_Likely,0
253,253,54047,2010,10.889880678656061,11,4,Normal,1,0,0,Stable,0,-22.222222222222218,Not_Likely,0,2.2222222222222223,Not_Likely,0
254,254,42083,2010,7.5209021275274335,8,1,Normal,1,0,-2,Stable,0,-25.0,Not_Likely,0,2.5,Not_Likely,0
255,255,21165,2010,12.53751992136058,13,11,Normal,1,0,-2,Stable,0,-21.875,Not_Likely,0,2.5,Not_Likely,0
256,256,39107,2010,16.822967317340606,17,4,Normal,1,1,2,Stable,0,58.33333333333334,Highly_Possible,2,38.333333333333336,Highly_Possible,2
257,257,42053,2010,8.508646599562939,9,4,Normal,1,0,-2,Stable,0,16.666666666666668,Possible,1,23.5845344220894,Possible,1
258,258,39069,2010,7.044560359790232,8,5,Normal,1,0,-1,Stable,0,-37.5,Not_Likely,0,2.5,Not_Likely,0
259,259,51093,2010,2.855433026876584,3,14,Good,0,0,0,Stable,0,-30.555555555555557,Not_Likely,0,9.124689869958216,Not_Likely,0
260,260,39087,2010,13.327929510790355,14,7,Normal,1,0,1,Stable,0,-36.36363636363637,Not_Likely,0,0.9090909090909091,Not_Likely,0
261,261,21155,2010,8.13787610026057,9,9,Normal,1,0,5,Lightly_Increase,1,-15.384615384615385,Not_Likely,0,0.0,Not_Likely,0
262,262,21157,2010,10.159062891207725,11,6,Normal,1,0,0,Stable,0,0.0,Not_Likely,0,3.0000000000000004,Not_Likely,0
263,263,21149,2010,7.974319636892838,8,6,Normal,1,0,2,Stable,0,-18.75,Not_Likely,0,1.7967893476828767,Not_Likely,0
264,264,51117,2010,9.383036028416216,10,3,Normal,1,0,3,Stable,0,-8.333333333333334,Not_Likely,0,6.666666666666667,Not_Likely,0
265,265,39105,2010,11.497086936598587,12,6,Normal,1,0,4,Lightly_Increase,1,-5.0,Not_Likely,0,3.0000000000000004,Not_Likely,0
266,266,21167,2010,9.034949535954627,10,11,Normal,1,1,15,Increase,2,-26.470588235294123,Not_Likely,0,0.0,Not_Likely,0
267,267,42085,2010,13.589003010420342,14,4,Normal,1,1,9,Increase,2,71.42857142857143,Highly_Possible,2,61.42857142857143,Highly_Possible,2
268,268,21077,2010,7.254563457277848,8,9,Normal,1,-1,-3,Stable,0,0.0,Not_Likely,0,30.71428571428572,Highly_Possible,2
269,269,21123,2010,13.840135094504824,14,7,Normal,1,0,-3,Stable,0,-36.36363636363637,Not_Likely,0,3.636487212164068,Not_Likely,0
270,270,51678,2010,10.428651664421086,11,10,Normal,1,0,-5,Lightly_Decrease,-1,-23.33333333333333,Not_Likely,0,8.098322762962296,Not_Likely,0
271,271,51091,2010,8.47647486252667,9,5,Normal,1,0,-3,Stable,0,-42.857142857142854,Not_Likely,0,0.6398748920705921,Not_Likely,0
272,272,51103,2010,7.788782392032089,8,5,Normal,1,0,3,Stable,0,-14.285714285714285,Not_Likely,0,1.4285714285714286,Not_Likely,0
273,273,39097,2010,11.079138012707087,12,7,Normal,1,1,41,Increase,2,-22.222222222222218,Not_Likely,0,3.333333333333334,Not_Likely,0
274,274,51115,2010,8.296899625093419,9,11,Normal,1,-1,-6,Lightly_Decrease,-1,-28.57142857142857,Not_Likely,0,0.9948135364689614,Not_Likely,0
275,275,39103,2010,46.858034723105106,47,4,Critical,2,0,17,Increase,2,0.0,Not_Likely,0,5.0,Not_Likely,0
276,276,54057,2010,1.337740410377516,2,3,Good,0,0,1,Stable,0,37.5,Possible,1,7.500000000000001,Not_Likely,0
277,277,39111,2010,11.198113381436114,12,7,Normal,1,0,-1,Stable,0,-35.0,Not_Likely,0,0.0,Not_Likely,0
278,278,42089,2010,26.450691194323298,27,4,Critical,2,0,10,Increase,2,-14.285714285714285,Not_Likely,0,30.0,Possible,1
279,279,39113,2010,522.608309098876,523,6,Severe,3,0,57,Increase,2,22.222222222222218,Possible,1,27.77777777777778,Possible,1
280,280,42091,2010,24.731992710908823,25,5,Critical,2,-2,-24,Decrease,-2,42.857142857142854,Highly_Possible,2,41.196930644677835,Highly_Possible,2
281,281,51121,2010,34.867047101075094,35,9,Critical,2,-1,-19,Decrease,-2,-8.333333333333334,Not_Likely,0,10.965614859222311,Possible,1
282,282,42093,2010,14.443359082904351,15,6,Normal,1,-1,-10,Decrease,-2,5.5555555555555545,Possible,1,24.395357580634794,Possible,1
283,283,39115,2010,11.987334004694777,12,5,Normal,1,-1,-8,Decrease,-2,-22.222222222222218,Not_Likely,0,3.333333333333334,Not_Likely,0
284,284,54065,2010,7.973562998313304,8,6,Normal,1,0,5,Lightly_Increase,1,38.888888888888886,Possible,1,8.88888888888889,Not_Likely,0
285,285,39117,2010,0.8597854346550331,1,5,Good,0,1,16,Increase,2,-40.0,Not_Likely,0,11.000000000000002,Possible,1
286,286,21177,2010,16.27933206402112,17,7,Normal,1,0,0,Stable,0,-15.0,Not_Likely,0,2.0,Not_Likely,0
287,287,39119,2010,9.918048513825584,10,6,Normal,1,0,-4,Lightly_Decrease,-1,-7.142857142857142,Not_Likely,0,15.714285714285717,Possible,1
288,288,51125,2010,0.4998773284136593,1,10,Good,0,1,13,Increase,2,-14.285714285714285,Not_Likely,0,2.1428571428571432,Not_Likely,0
289,289,51127,2010,4.18315593862935,5,15,Good,0,1,2,Stable,0,2.631578947368421,Possible,1,5.789473684210526,Not_Likely,0
290,290,51700,2010,39.87280715789645,40,13,Critical,2,-1,-31,Decrease,-2,-39.473684210526315,Not_Likely,0,3.340153471343639,Not_Likely,0
291,291,54067,2010,14.880826799364685,15,4,Normal,1,0,-6,Lightly_Decrease,-1,25.0,Possible,1,8.433718159057689,Not_Likely,0
292,292,42095,2010,89.87565898500714,90,4,Critical,2,0,-49,Decrease,-2,50.0,Highly_Possible,2,51.08759363733204,Highly_Possible,2
293,293,42097,2010,7.206897557056929,8,6,Normal,1,-1,-5,Lightly_Decrease,-1,12.5,Possible,1,34.769663551824706,Highly_Possible,2
294,294,54069,2010,24.70624634277565,25,8,Critical,2,-1,-11,Decrease,-2,-22.72727272727273,Not_Likely,0,5.54940856496291,Not_Likely,0
295,295,51137,2010,16.600729702904562,17,7,Normal,1,0,-8,Decrease,-2,-13.333333333333336,Not_Likely,0,2.0000000000000004,Not_Likely,0
296,296,39123,2010,6.633585804074391,7,4,Good,0,1,8,Increase,2,50.0,Highly_Possible,2,20.000000000000004,Possible,1
297,297,21187,2010,0.5633285992028241,1,10,Good,0,0,3,Stable,0,-31.25,Not_Likely,0,30.717494375856248,Highly_Possible,2
298,298,51139,2010,13.97013717796828,14,8,Normal,1,1,14,Increase,2,4.166666666666667,Possible,1,4.166666666666667,Not_Likely,0
299,299,21191,2010,9.009578760398842,10,14,Normal,1,0,1,Stable,0,26.470588235294123,Possible,1,33.45307858302609,Highly_Possible,2
300,300,39127,2010,14.328771654180615,15,6,Normal,1,1,7,Increase,2,37.5,Possible,1,30.000000000000004,Highly_Possible,2
301,301,51730,2010,2.3559710212530254,3,11,Good,0,0,0,Stable,0,16.666666666666668,Possible,1,11.73035398853448,Possible,1
302,302,42101,2010,1701.5760829715894,1702,3,Severe,3,0,-1097,Extremely_Decrease,-3,20.0,Possible,1,40.77834234855606,Highly_Possible,2
303,303,21195,2010,37.999886928328685,38,5,Critical,2,0,-7,Decrease,-2,-13.636363636363635,Not_Likely,0,7.48474769674071,Not_Likely,0
304,304,39131,2010,10.169024027119026,11,5,Normal,1,0,5,Lightly_Increase,1,-18.75,Not_Likely,0,2.5,Not_Likely,0
305,305,42103,2010,19.84885510585632,20,3,Normal,1,-1,-15,Decrease,-2,-50.0,Not_Likely,0,0.3208364514012296,Not_Likely,0
306,306,51735,2010,6.3803599187346975,7,13,Good,0,0,-5,Lightly_Decrease,-1,-44.11764705882353,Not_Likely,0,3.673993213478126,Not_Likely,0
307,307,39133,2010,37.533317189677405,38,5,Critical,2,0,-16,Decrease,-2,31.25,Possible,1,42.80687817269143,Highly_Possible,2
308,308,51740,2010,36.15324566709175,37,9,Critical,2,-1,-27,Decrease,-2,-53.846153846153854,Not_Likely,0,0.0,Not_Likely,0
309,309,54055,2010,53.64896806177576,54,6,Critical,2,0,1,Stable,0,-4.166666666666667,Not_Likely,0,20.036971006146313,Possible,1
310,310,39109,2010,17.23559620606195,18,7,Normal,1,1,16,Increase,2,20.0,Possible,1,15.000000000000004,Possible,1
311,311,51119,2010,11.764148519432835,12,9,Normal,1,0,-2,Stable,0,-20.0,Not_Likely,0,3.576859467012646,Not_Likely,0
312,312,21171,2010,7.213249152649066,8,5,Normal,1,0,1,Stable,0,-35.714285714285715,Not_Likely,0,1.4285714285714286,Not_Likely,0
313,313,21173,2010,38.69703597625066,39,12,Critical,2,0,-10,Decrease,-2,-23.529411764705888,Not_Likely,0,10.117430725955252,Possible,1
314,314,21175,2010,14.532339389670751,15,10,Normal,1,-1,-13,Decrease,-2,-7.142857142857142,Not_Likely,0,6.820064096321301,Not_Likely,0
315,315,21179,2010,6.494838824380291,7,8,Good,0,1,3,Stable,0,-17.857142857142858,Not_Likely,0,16.44605964224369,Possible,1
316,316,39121,2010,10.296257041633053,11,6,Normal,1,0,-5,Lightly_Decrease,-1,-44.444444444444436,Not_Likely,0,0.0,Not_Likely,0
317,317,51710,2010,22.444570374950885,23,9,Critical,2,-2,-21,Decrease,-2,-50.0,Not_Likely,0,8.16638186817242,Not_Likely,0
318,318,21183,2010,9.308189452227538,10,7,Normal,1,0,2,Stable,0,-18.75,Not_Likely,0,1.25,Not_Likely,0
319,319,21189,2010,8.375125596187706,9,9,Normal,1,0,7,Increase,2,34.615384615384606,Possible,1,5.384615384615385,Not_Likely,0
320,320,51141,2010,2.650527887605606,3,4,Good,0,1,10,Increase,2,10.0,Possible,1,24.000000000000004,Possible,1
321,321,39125,2010,7.004440942537219,8,5,Normal,1,0,2,Stable,0,14.285714285714285,Possible,1,2.857142857142857,Not_Likely,0
322,322,39129,2010,40.94339599152515,41,5,Critical,2,-1,-30,Decrease,-2,35.714285714285715,Possible,1,20.7394139217103,Possible,1
323,323,54075,2010,4.286881064861061,5,3,Good,0,0,-4,Lightly_Decrease,-1,-8.333333333333334,Not_Likely,0,6.970793053876668,Not_Likely,0
324,324,21197,2010,1.5120120599908051,2,10,Good,0,2,19,Increase,2,-20.0,Not_Likely,0,2.6666666666666665,Not_Likely,0
325,325,51145,2010,1.7423001451873246,2,9,Good,0,1,8,Increase,2,37.5,Possible,1,8.75,Not_Likely,0
326,326,51153,2010,21.691750649126874,22,11,Critical,2,0,32,Increase,2,-40.0,Not_Likely,0,16.986358997956447,Possible,1
327,327,21199,2010,44.212260700172855,45,7,Critical,2,0,-17,Decrease,-2,-9.090909090909092,Not_Likely,0,7.9739515886047165,Not_Likely,0
328,328,51155,2010,46.01902536931138,47,8,Critical,2,0,9,Increase,2,0.0,Not_Likely,0,4.166666666666667,Not_Likely,0
329,329,54081,2010,55.664711659482705,56,5,Critical,2,0,-5,Lightly_Decrease,-1,-12.5,Not_Likely,0,1.25,Not_Likely,0
330,330,39139,2010,31.943160068267783,32,5,Critical,2,0,-8,Decrease,-2,-44.444444444444436,Not_Likely,0,3.6297886719531447,Not_Likely,0
331,331,54085,2010,6.180329978802957,7,8,Good,0,1,4,Lightly_Increase,1,3.8461538461538463,Possible,1,5.384615384615385,Not_Likely,0
332,332,54087,2010,7.661573918305675,8,6,Normal,1,-1,-7,Decrease,-2,12.5,Possible,1,13.637313938668235,Possible,1
333,333,51163,2010,4.247921009179729,5,8,Good,0,1,1,Stable,0,-23.33333333333333,Not_Likely,0,6.948873571321013,Not_Likely,0
334,334,51165,2010,20.032441558677707,21,8,Critical,2,-1,-6,Lightly_Decrease,-1,-4.545454545454546,Not_Likely,0,2.7272727272727275,Not_Likely,0
335,335,39141,2010,82.6618713305299,83,4,Critical,2,0,20,Increase,2,-16.666666666666668,Not_Likely,0,3.333333333333334,Not_Likely,0
336,336,21205,2010,48.0619265213068,49,8,Critical,2,0,-20,Decrease,-2,-32.142857142857146,Not_Likely,0,0.7142857142857143,Not_Likely,0
337,337,51167,2010,21.790245096833868,22,6,Critical,2,0,1,Stable,0,0.0,Not_Likely,0,3.5078096735590103,Not_Likely,0
338,338,51775,2010,5.687969965013969,6,9,Good,0,0,-5,Lightly_Decrease,-1,-32.142857142857146,Not_Likely,0,10.246784537325224,Possible,1
339,339,39145,2010,27.017672036064205,28,6,Critical,2,0,8,Increase,2,-25.0,Not_Likely,0,12.048855539081059,Possible,1
340,340,51683,2010,11.69798863703382,12,10,Normal,1,-1,-8,Decrease,-2,-35.714285714285715,Not_Likely,0,9.062974330207552,Not_Likely,0
341,341,21163,2010,5.244083469607324,6,3,Good,0,1,8,Increase,2,-14.285714285714285,Not_Likely,0,0.0,Not_Likely,0
342,342,42087,2010,10.725239870794306,11,5,Normal,1,0,2,Stable,0,6.25,Possible,1,21.250000000000004,Possible,1
343,343,54061,2010,37.30729134410967,38,7,Critical,2,-2,-34,Decrease,-2,0.0,Not_Likely,0,18.024007640356462,Possible,1
344,344,54063,2010,10.746309240124507,11,6,Normal,1,-1,-9,Decrease,-2,-33.333333333333336,Not_Likely,0,8.669153264470449,Not_Likely,0
345,345,51133,2010,6.864737353461611,7,5,Good,0,1,0,Stable,0,-22.222222222222218,Not_Likely,0,11.329206798130063,Possible,1
346,346,21185,2010,2.5203129873561423,3,6,Good,0,1,5,Lightly_Increase,1,-5.0,Not_Likely,0,5.948590582889348,Not_Likely,0
347,347,21193,2010,24.799754118990286,25,7,Critical,2,0,62,Increase,2,27.272727272727273,Possible,1,37.43770706080132,Highly_Possible,2
348,348,51143,2010,6.098173604095344,7,4,Good,0,1,10,Increase,2,33.333333333333336,Possible,1,30.000000000000007,Highly_Possible,2
349,349,42105,2010,12.080811529683476,13,1,Normal,1,0,-6,Lightly_Decrease,-1,20.0,Possible,1,30.567673768673792,Highly_Possible,2
350,350,39135,2010,12.679036601621164,13,4,Normal,1,0,-6,Lightly_Decrease,-1,33.333333333333336,Possible,1,40.00000000000001,Highly_Possible,2
351,351,54077,2010,8.964442608523962,9,6,Normal,1,-1,-7,Decrease,-2,0.0,Not_Likely,0,11.520443608104959,Possible,1
352,352,51147,2010,1.1221084294127257,2,7,Good,0,1,8,Increase,2,25.0,Possible,1,9.999999999999998,Not_Likely,0
353,353,51149,2010,3.0120851277621497,4,13,Good,0,1,9,Increase,2,17.647058823529417,Possible,1,13.393952011857563,Possible,1
354,354,51157,2010,13.547827918629133,14,6,Normal,1,0,-2,Stable,0,25.0,Possible,1,5.0,Not_Likely,0
355,355,51760,2010,140.83363157453113,141,13,Critical,2,-2,-140,Extremely_Decrease,-3,26.470588235294123,Possible,1,13.805101876429356,Possible,1
356,356,51770,2010,10.462595307795251,11,7,Normal,1,0,-3,Stable,0,-37.5,Not_Likely,0,17.22415230870127,Possible,1
357,357,21201,2010,3.6248737545367686,4,9,Good,0,1,9,Increase,2,3.571428571428572,Possible,1,11.428571428571429,Possible,1
358,358,21203,2010,5.354065878387349,6,7,Good,0,1,3,Stable,0,11.538461538461537,Possible,1,22.09706897179551,Possible,1
359,359,21169,2010,9.731500536083587,10,7,Normal,1,0,-2,Stable,0,-33.333333333333336,Not_Likely,0,0.8333333333333334,Not_Likely,0
360,360,54059,2010,19.356294915519776,20,3,Normal,1,0,-10,Decrease,-2,-18.181818181818183,Not_Likely,0,0.9090909090909091,Not_Likely,0
361,361,42099,2010,3.9298970768416064,4,5,Good,0,1,6,Lightly_Increase,1,12.5,Possible,1,28.48224386173854,Possible,1
362,362,39137,2010,5.903232763953277,6,6,Good,0,0,-4,Lightly_Decrease,-1,-10.0,Not_Likely,0,6.0915404596343015,Not_Likely,0
363,363,21207,2010,6.9282024796292445,7,7,Good,0,0,-6,Lightly_Decrease,-1,-36.36363636363637,Not_Likely,0,2.586891824426707,Not_Likely,0
364,364,39143,2010,9.209358391023414,10,4,Normal,1,0,1,Stable,0,15.0,Possible,1,29.84934765528437,Possible,1
365,365,42107,2010,17.43415326005734,18,5,Normal,1,1,31,Increase,2,25.0,Possible,1,29.141439980996903,Possible,1
366,366,51169,2010,16.744840543882187,17,4,Normal,1,0,-8,Decrease,-2,-10.0,Not_Likely,0,13.744094119520629,Possible,1
367,367,39147,2010,2.4289513389743185,3,7,Good,0,2,23,Increase,2,-22.222222222222218,Not_Likely,0,13.333333333333336,Possible,1
368,368,39149,2010,12.650705140857168,13,7,Normal,1,1,17,Increase,2,5.0,Possible,1,22.999999999999996,Possible,1
369,369,51171,2010,19.283595828424733,20,7,Normal,1,1,16,Increase,2,41.66666666666666,Possible,1,7.941054036151266,Not_Likely,0
370,370,21213,2010,3.2545737400444548,4,3,Good,0,1,4,Lightly_Increase,1,25.0,Possible,1,19.438540517286288,Possible,1
371,371,51173,2010,1.1276470119374349,2,5,Good,0,1,13,Increase,2,18.75,Possible,1,12.728865241234269,Possible,1
372,372,42111,2010,18.640634699213788,19,1,Normal,1,0,-6,Lightly_Decrease,-1,12.5,Possible,1,5.0,Not_Likely,0
373,373,51175,2010,5.783399227249203,6,7,Good,0,0,-4,Lightly_Decrease,-1,-20.0,Not_Likely,0,16.660316898296966,Possible,1
374,374,51177,2010,43.98101347503455,44,8,Critical,2,0,-19,Decrease,-2,-20.83333333333333,Not_Likely,0,29.022753340883384,Possible,1
375,375,21181,2010,9.684805101327985,10,11,Normal,1,-1,-5,Lightly_Decrease,-1,-16.666666666666668,Not_Likely,0,2.6666666666666665,Not_Likely,0
376,376,51135,2010,7.734510255760118,8,8,Normal,1,0,4,Lightly_Increase,1,38.46153846153846,Possible,1,8.46153846153846,Not_Likely,0
377,377,54079,2010,17.65900310926238,18,6,Normal,1,0,-6,Lightly_Decrease,-1,0.0,Not_Likely,0,3.0000000000000004,Not_Likely,0
378,378,51750,2010,13.255756709334412,14,8,Normal,1,-1,-10,Decrease,-2,-6.666666666666668,Not_Likely,0,3.3333333333333335,Not_Likely,0
379,379,21209,2010,24.996139360551357,25,11,Critical,2,-2,-21,Decrease,-2,-30.555555555555557,Not_Likely,0,8.554857472981254,Not_Likely,0
380,380,51720,2010,5.189781170316127,6,5,Good,0,0,-3,Stable,0,-30.0,Not_Likely,0,2.83295088638576,Not_Likely,0
381,381,54083,2010,7.7665453241573985,8,4,Normal,1,0,-2,Stable,0,-5.5555555555555545,Not_Likely,0,16.050162995668355,Possible,1
382,382,21215,2010,6.104128523730132,7,9,Good,0,0,-2,Stable,0,-11.538461538461537,Not_Likely,0,0.0,Not_Likely,0
383,383,39151,2010,59.72286587040281,60,6,Critical,2,0,2,Stable,0,5.0,Possible,1,4.0,Not_Likely,0
384,384,51790,2010,6.895867795266772,7,7,Good,0,0,-6,Lightly_Decrease,-1,-13.333333333333336,Not_Likely,0,4.8700471278286965,Not_Likely,0
385,385,42113,2010,11.260739989015253,12,5,Normal,1,0,-4,Lightly_Decrease,-1,-35.714285714285715,Not_Likely,0,2.857142857142857,Not_Likely,0
386,386,39153,2010,50.204991154978465,51,4,Critical,2,0,27,Increase,2,33.333333333333336,Possible,1,21.666666666666668,Possible,1
387,387,51183,2010,6.819894670913662,7,11,Good,0,0,-3,Stable,0,6.25,Possible,1,9.060573076280418,Not_Likely,0
388,388,51185,2010,65.52301790497093,66,5,Critical,2,0,-46,Decrease,-2,30.0,Possible,1,7.52222070213008,Not_Likely,0
389,389,39155,2010,29.63618916323333,30,4,Critical,2,0,18,Increase,2,33.333333333333336,Possible,1,44.1101116765721,Highly_Possible,2
390,390,39157,2010,15.55431205347543,16,6,Normal,1,-1,-11,Decrease,-2,-25.0,Not_Likely,0,10.268686582245468,Possible,1
391,391,39159,2010,23.112891437205292,24,7,Critical,2,-2,-21,Decrease,-2,-30.0,Not_Likely,0,5.7696217546140325,Not_Likely,0
392,392,42119,2010,5.468787573588378,6,4,Good,0,1,6,Lightly_Increase,1,12.5,Possible,1,9.032447116085455,Not_Likely,0
393,393,39161,2010,8.757156620653847,9,5,Normal,1,1,13,Increase,2,14.285714285714285,Possible,1,18.571428571428573,Possible,1
394,394,51810,2010,37.37315698327848,38,5,Critical,2,-2,-33,Decrease,-2,-65.0,Not_Likely,0,0.0,Not_Likely,0
395,395,51179,2010,31.418218320283152,32,9,Critical,2,-1,-21,Decrease,-2,-36.66666666666666,Not_Likely,0,33.190231265739186,Highly_Possible,2
396,396,21217,2010,14.332101202998526,15,10,Normal,1,0,1,Stable,0,-23.07692307692308,Not_Likely,0,0.0,Not_Likely,0
397,397,42121,2010,0.37256309641699614,1,4,Good,0,1,6,Lightly_Increase,1,66.66666666666667,Highly_Possible,2,71.14601899191712,Highly_Possible,2
398,398,21227,2010,9.47240519408724,10,6,Normal,1,1,8,Increase,2,-11.111111111111109,Not_Likely,0,4.444444444444445,Not_Likely,0
399,399,42123,2010,7.921953997291927,8,1,Normal,1,0,4,Lightly_Increase,1,25.0,Possible,1,10.0,Not_Likely,0
400,400,51187,2010,37.50544423654692,38,7,Critical,2,0,-18,Decrease,-2,21.428571428571427,Possible,1,9.133069077151802,Not_Likely,0
401,401,42125,2010,58.78078360826471,59,6,Critical,2,0,2,Stable,0,-5.5555555555555545,Not_Likely,0,1.1111111111111112,Not_Likely,0
402,402,21211,2010,12.496672972183493,13,10,Normal,1,0,-7,Decrease,-2,-18.75,Not_Likely,0,0.625,Not_Likely,0
403,403,42109,2010,3.169629252343684,4,7,Good,0,0,0,Stable,0,18.75,Possible,1,10.0,Not_Likely,0
404,404,51800,2010,7.084214682631806,8,8,Normal,1,0,3,Stable,0,-58.33333333333334,Not_Likely,0,0.0,Not_Likely,0
405,405,54097,2010,16.641549081253377,17,6,Normal,1,0,-1,Stable,0,35.0,Possible,1,6.0,Not_Likely,0
406,406,39163,2010,8.359608865726493,9,4,Normal,1,0,-1,Stable,0,30.0,Possible,1,14.0,Possible,1
407,407,39165,2010,49.414136595579045,50,6,Critical,2,-1,-36,Decrease,-2,40.0,Possible,1,46.643082295792894,Highly_Possible,2
408,408,39167,2010,13.385039562489345,14,8,Normal,1,-1,-9,Decrease,-2,0.0,Not_Likely,0,16.14567670809152,Possible,1
409,409,51191,2010,6.383038863065767,7,3,Good,0,2,26,Increase,2,-12.5,Not_Likely,0,2.5,Not_Likely,0
410,410,21231,2010,6.5533729194382175,7,4,Good,0,1,-1,Stable,0,-37.5,Not_Likely,0,17.60764880826545,Possible,1
411,411,39169,2010,29.578380800993838,30,5,Critical,2,0,12,Increase,2,-11.111111111111109,Not_Likely,0,2.2222222222222223,Not_Likely,0
412,412,42129,2010,117.11915669955307,118,3,Critical,2,0,-51,Decrease,-2,0.0,Not_Likely,0,20.50101542227406,Possible,1
413,413,21235,2010,66.30419243915247,67,4,Critical,2,0,-49,Decrease,-2,-28.57142857142857,Not_Likely,0,18.82364748782867,Possible,1
414,414,51830,2010,4.520806709392226,5,13,Good,0,0,-3,Stable,0,-14.285714285714285,Not_Likely,0,20.413879234321993,Possible,1
415,415,39173,2010,32.9039616764683,33,6,Critical,2,0,2,Stable,0,11.111111111111109,Possible,1,14.444444444444445,Possible,1
416,416,39175,2010,6.4686878995138395,7,5,Good,0,1,1,Stable,0,-25.0,Not_Likely,0,1.25,Not_Likely,0
417,417,51197,2010,29.30882662014433,30,7,Critical,2,0,5,Lightly_Increase,1,4.545454545454546,Possible,1,5.454545454545454,Not_Likely,0
418,418,42133,2010,106.19815956155102,107,2,Critical,2,1,98,Extremely_Increase,3,0.0,Not_Likely,0,53.333333333333336,Highly_Possible,2
419,419,54089,2010,6.530865388424848,7,6,Good,0,0,-2,Stable,0,-6.25,Not_Likely,0,19.82571588281599,Possible,1
420,420,42115,2010,3.768787936104552,4,3,Good,0,1,5,Lightly_Increase,1,-70.0,Not_Likely,0,0.0,Not_Likely,0
421,421,21221,2010,8.89741192153267,9,5,Normal,1,0,0,Stable,0,-25.0,Not_Likely,0,0.0,Not_Likely,0
422,422,54093,2010,7.065436005693573,8,5,Normal,1,-1,-4,Lightly_Decrease,-1,-7.142857142857142,Not_Likely,0,7.952133375055437,Not_Likely,0
423,423,54095,2010,13.647729067105718,14,7,Normal,1,0,-2,Stable,0,-4.545454545454546,Not_Likely,0,2.7272727272727275,Not_Likely,0
424,424,21229,2010,8.56390859083664,9,8,Normal,1,-1,-5,Lightly_Decrease,-1,-26.470588235294123,Not_Likely,0,0.0,Not_Likely,0
425,425,42127,2010,12.40011060834813,13,3,Normal,1,-1,-11,Decrease,-2,-62.5,Not_Likely,0,18.070503741040717,Possible,1
426,426,54099,2010,8.514720267374022,9,6,Normal,1,0,-1,Stable,0,-12.5,Not_Likely,0,1.6666666666666667,Not_Likely,0
427,427,21233,2010,6.65512682381263,7,6,Good,0,1,2,Stable,0,0.0,Not_Likely,0,0.0,Not_Likely,0
428,428,51193,2010,10.401951780940808,11,5,Normal,1,-1,-6,Lightly_Decrease,-1,-6.25,Not_Likely,0,1.7142352555787324,Not_Likely,0
429,429,54103,2010,7.604416284530567,8,8,Normal,1,0,-1,Stable,0,-10.714285714285714,Not_Likely,0,2.1428571428571432,Not_Likely,0
430,430,51840,2010,2.1417880327051746,3,9,Good,0,1,8,Increase,2,16.666666666666668,Possible,1,7.499999999999999,Not_Likely,0
431,431,51195,2010,43.07211716209422,44,5,Critical,2,0,30,Increase,2,-36.36363636363637,Not_Likely,0,0.0,Not_Likely,0
432,432,21237,2010,12.188034083061847,13,9,Normal,1,0,0,Stable,0,0.0,Not_Likely,0,3.3333333333333335,Not_Likely,0
433,433,54109,2010,2.8498935700921035,3,5,Good,0,0,-2,Stable,0,-27.777777777777782,Not_Likely,0,9.254074215949643,Not_Likely,0
434,434,21219,2010,0.3066116802405794,1,3,Good,0,0,4,Lightly_Increase,1,0.0,Not_Likely,0,15.405074311030821,Possible,1
435,435,21223,2010,14.00822732685816,15,6,Normal,1,-1,-11,Decrease,-2,6.25,Possible,1,16.110900291431328,Possible,1
436,436,51820,2010,6.352642032869228,7,8,Good,0,0,-4,Lightly_Decrease,-1,-15.384615384615385,Not_Likely,0,2.8235659734922236,Not_Likely,0
437,437,54107,2010,7.007474084684877,8,7,Normal,1,0,-1,Stable,0,-4.545454545454546,Not_Likely,0,7.718735815764031,Not_Likely,0
438,438,21239,2010,18.37777351037884,19,10,Normal,1,0,-10,Decrease,-2,-44.444444444444436,Not_Likely,0,0.0,Not_Likely,0
439,439,42131,2010,16.723934793955536,17,4,Normal,1,0,-7,Decrease,-2,-50.0,Not_Likely,0,2.314894881686289,Not_Likely,0
440,440,42117,2010,8.15025923822232,9,1,Normal,1,0,7,Increase,2,50.0,Highly_Possible,2,40.00000000000001,Highly_Possible,2
441,441,51199,2010,8.325502796651808,9,13,Normal,1,-1,-4,Lightly_Decrease,-1,-40.625,Not_Likely,0,6.4833825366605256,Not_Likely,0
442,442,39171,2010,4.690022605978876,5,3,Good,0,1,4,Lightly_Increase,1,-30.0,Not_Likely,0,9.408188110112091,Not_Likely,0
443,443,54105,2010,1.0927227496268452,2,8,Good,0,1,7,Increase,2,-5.0,Not_Likely,0,4.0,Not_Likely,0
444,444,54021,2010,5.252776580298697,6,7,Good,0,1,3,Stable,0,23.07692307692308,Possible,1,7.692307692307692,Not_Likely,0
445,445,54027,2010,7.778518744199983,8,5,Normal,1,1,12,Increase,2,31.818181818181817,Possible,1,9.09090909090909,Not_Likely,0
446,446,39067,2010,7.127550324414126,8,7,Normal,1,0,0,Stable,0,-50.0,Not_Likely,0,7.159210374606881,Not_Likely,0
447,447,21105,2010,6.557551802485019,7,5,Good,0,1,3,Stable,0,16.666666666666668,Possible,1,11.466273652811143,Possible,1
448,448,51181,2010,11.3951396818415,12,15,Normal,1,0,-6,Lightly_Decrease,-1,-7.142857142857142,Not_Likely,0,4.310422513491286,Not_Likely,0
449,449,54041,2010,0.6824561224055917,1,6,Good,0,1,6,Lightly_Increase,1,29.16666666666667,Possible,1,7.042230515393687,Not_Likely,0
450,450,51131,2010,4.856334585751047,5,4,Good,0,0,-2,Stable,0,-50.0,Not_Likely,0,16.153949448425646,Possible,1
451,451,54071,2010,14.672675703172994,15,5,Normal,1,-1,-14,Decrease,-2,-22.222222222222218,Not_Likely,0,2.8689293610827944,Not_Likely,0
452,452,54073,2010,7.616750367327727,8,7,Normal,1,0,0,Stable,0,-4.166666666666667,Not_Likely,0,3.3333333333333335,Not_Likely,0
453,453,54101,2010,4.361314198162247,5,4,Good,0,1,3,Stable,0,11.111111111111109,Possible,1,10.296708120955637,Possible,1
454,454,21225,2010,10.825369582974785,11,3,Normal,1,0,-3,Stable,0,0.0,Not_Likely,0,0.0,Not_Likely,0
455,455,54091,2010,9.692367190170684,10,6,Normal,1,0,0,Stable,0,-8.333333333333334,Not_Likely,0,3.3333333333333335,Not_Likely,0
456,456,51036,2010,7.776478388078343,8,14,Normal,1,-1,-3,Stable,0,2.5,Possible,1,9.836190319873026,Not_Likely,0
457,457,51097,2010,7.265576908140052,8,11,Normal,1,0,1,Stable,0,-11.764705882352944,Not_Likely,0,4.117647058823529,Not_Likely,0
458,458,21091,2010,7.430398704295072,8,3,Normal,1,-1,-6,Lightly_Decrease,-1,-7.142857142857142,Not_Likely,0,3.5098505421046395,Not_Likely,0
459,459,54043,2010,1.0171026600367024,2,5,Good,0,1,6,Lightly_Increase,1,4.545454545454546,Possible,1,2.7272727272727275,Not_Likely,0
460,460,51580,2010,11.601304698766606,12,7,Normal,1,-1,-10,Decrease,-2,-41.66666666666666,Not_Likely,0,0.0,Not_Likely,0
