,Unnamed: 0,FIPS,Year,Score_County_3,Degree,Neignbor_County_Num,Drug_Use_Condition,Drug_Use_Rank,Rank_Var,Degree_Var,Drug_Use_Var,Drug_Use_Var_n,Source_Potentiel,is_Source,is_Source_Rank,is_Surrounded,is_Affected,is_Affected_Rank
0,0,51001,2012,7.949963078815498,8,0,Normal,1,-1,-3,Lightly_Decrease,-1,-20.0,Not_Likely,0,23.196403713388193,Possible,1
1,1,39001,2012,49.337658447620896,50,6,Critical,2,-2,-48,Decrease,-2,-90.0,Not_Likely,0,15.03470417357516,Possible,1
2,2,42001,2012,16.566524537513384,17,3,Normal,1,0,4,Lightly_Increase,1,10.0,Possible,1,6.000000000000001,Not_Likely,0
3,3,51510,2012,1.703415379129725,2,6,Good,0,1,5,Increase,2,61.111111111111114,Highly_Possible,2,59.999999999999986,Highly_Possible,2
4,4,42003,2012,1219.2671556051582,1220,4,Severe,3,0,-317,Extremely_Decrease,-3,-43.75,Not_Likely,0,2.5,Not_Likely,0
5,5,21003,2012,12.774294948667302,13,4,Normal,1,0,-1,Stable,0,-28.57142857142857,Not_Likely,0,2.857142857142857,Not_Likely,0
6,6,51007,2012,9.530720013925698,10,9,Normal,1,0,2,Stable,0,17.857142857142858,Possible,1,7.1428571428571415,Not_Likely,0
7,7,51013,2012,15.334174934759519,16,6,Normal,1,1,11,Increase,2,61.111111111111114,Highly_Possible,2,59.999999999999986,Highly_Possible,2
8,8,42005,2012,32.09018174539154,33,3,Critical,2,-1,-16,Decrease,-2,-64.28571428571429,Not_Likely,0,6.492461577053222,Not_Likely,0
9,9,39005,2012,21.86669763731359,22,5,Critical,2,-2,-17,Decrease,-2,5.5555555555555545,Possible,1,12.481284787917279,Possible,1
10,10,39007,2012,41.52126089737233,42,0,Critical,2,0,12,Increase,2,0.0,Not_Likely,0,39.350042381803526,Highly_Possible,2
11,11,39009,2012,37.08061773469976,38,7,Critical,2,0,29,Increase,2,12.5,Possible,1,5.0,Not_Likely,0
12,12,39011,2012,17.582469173045205,18,6,Normal,1,0,-7,Decrease,-2,25.0,Possible,1,18.881330772354723,Possible,1
13,13,54001,2012,10.670258712635519,11,8,Normal,1,-1,-6,Decrease,-2,35.0,Possible,1,5.0,Not_Likely,0
14,14,21009,2012,11.016366993297837,12,7,Normal,1,-1,-11,Decrease,-2,5.0,Possible,1,15.710405307479883,Possible,1
15,15,21011,2012,10.707881206405014,11,11,Normal,1,-1,-8,Decrease,-2,-18.75,Not_Likely,0,1.25,Not_Likely,0
16,16,42009,2012,7.738486699645348,8,2,Normal,1,0,9,Increase,2,0.0,Not_Likely,0,3.3333333333333335,Not_Likely,0
17,17,51019,2012,13.529407418465073,14,9,Normal,1,0,3,Lightly_Increase,1,26.923076923076927,Possible,1,15.504352453569618,Possible,1
18,18,21013,2012,53.8468390960129,54,6,Critical,2,0,-16,Decrease,-2,-43.75,Not_Likely,0,16.31928491350561,Possible,1
19,19,54003,2012,24.017747104547233,25,5,Critical,2,-1,-11,Decrease,-2,-60.0,Not_Likely,0,13.170298723378249,Possible,1
20,20,42011,2012,100.16199725923006,101,4,Critical,2,0,21,Increase,2,18.75,Possible,1,30.000000000000004,Highly_Possible,2
21,21,51021,2012,7.265856032069492,8,6,Normal,1,-1,-4,Lightly_Decrease,-1,29.16666666666667,Possible,1,13.774712185780906,Possible,1
22,22,21015,2012,83.83743381400434,84,7,Critical,2,0,-44,Decrease,-2,-18.181818181818183,Not_Likely,0,2.7272727272727275,Not_Likely,0
23,23,54005,2012,15.116671672547328,16,5,Normal,1,-1,-13,Decrease,-2,-44.444444444444436,Not_Likely,0,6.261678815990474,Not_Likely,0
24,24,21023,2012,6.126327011105003,7,11,Normal,1,-1,-5,Decrease,-2,-32.142857142857146,Not_Likely,0,8.49180687313066,Not_Likely,0
25,25,54007,2012,11.008042652990953,12,7,Normal,1,0,-4,Lightly_Decrease,-1,5.5555555555555545,Possible,1,4.444444444444445,Not_Likely,0
26,26,21025,2012,13.686661043078615,14,8,Normal,1,0,7,Increase,2,13.333333333333336,Possible,1,4.0,Not_Likely,0
27,27,21027,2012,8.885043218612449,9,5,Normal,1,0,2,Stable,0,7.142857142857142,Possible,1,8.571428571428571,Not_Likely,0
28,28,39015,2012,40.35271897523923,41,8,Critical,2,-1,-30,Decrease,-2,-50.0,Not_Likely,0,0.9090909090909091,Not_Likely,0
29,29,51029,2012,7.9240527316629565,8,5,Normal,1,0,2,Stable,0,-37.5,Not_Likely,0,4.166666666666667,Not_Likely,0
30,30,42017,2012,196.81905654449682,197,3,Critical,2,0,-156,Extremely_Decrease,-3,-41.66666666666666,Not_Likely,0,13.2784224495896,Possible,1
31,31,21029,2012,25.929629941104174,26,6,Critical,2,0,27,Increase,2,-20.0,Not_Likely,0,3.0000000000000004,Not_Likely,0
32,32,39017,2012,193.7856960791064,194,4,Critical,2,0,-75,Extremely_Decrease,-3,5.5555555555555545,Possible,1,19.802838565440137,Possible,1
33,33,42019,2012,16.69979295231414,17,4,Normal,1,0,4,Lightly_Increase,1,-50.0,Not_Likely,0,0.0,Not_Likely,0
34,34,54011,2012,18.74374234345485,19,7,Normal,1,1,41,Increase,2,5.5555555555555545,Possible,1,6.666666666666667,Not_Likely,0
35,35,54013,2012,2.2808770236605342,3,7,Good,0,0,-2,Stable,0,-16.666666666666668,Not_Likely,0,3.3333333333333335,Not_Likely,0
36,36,42021,2012,35.62286770199191,36,2,Critical,2,0,6,Increase,2,40.0,Possible,1,4.0,Not_Likely,0
37,37,42023,2012,8.39521865274264,9,2,Normal,1,0,0,Stable,0,16.666666666666668,Possible,1,5.000000000000001,Not_Likely,0
38,38,42025,2012,9.781702575466113,10,5,Normal,1,0,12,Increase,2,31.25,Possible,1,31.510396302631634,Highly_Possible,2
39,39,51033,2012,6.925223023637821,7,8,Normal,1,0,1,Stable,0,11.538461538461537,Possible,1,17.186752867352368,Possible,1
40,40,21041,2012,27.15785522455289,28,8,Critical,2,-1,-7,Decrease,-2,-4.545454545454546,Not_Likely,0,2.7272727272727275,Not_Likely,0
41,41,39019,2012,7.87382354444199,8,6,Normal,1,-1,-4,Lightly_Decrease,-1,-50.0,Not_Likely,0,9.222953047776777,Not_Likely,0
42,42,21043,2012,1.1135601734880929,2,7,Good,0,1,18,Increase,2,-26.923076923076927,Not_Likely,0,4.615384615384615,Not_Likely,0
43,43,21045,2012,3.6107091367940134,4,8,Good,0,0,-3,Lightly_Decrease,-1,-39.285714285714285,Not_Likely,0,6.557279726951718,Not_Likely,0
44,44,51540,2012,5.058243934439092,6,8,Good,0,1,1,Stable,0,-7.6923076923076925,Not_Likely,0,3.076923076923077,Not_Likely,0
45,45,51550,2012,3.3921022970293944,4,8,Good,0,2,40,Increase,2,100.0,Highly_Possible,2,91.0,Highly_Possible,2
46,46,42029,2012,56.48155172652035,57,3,Critical,2,0,26,Increase,2,-8.333333333333334,Not_Likely,0,23.114591474351997,Possible,1
47,47,51041,2012,22.07700183498569,23,13,Critical,2,0,34,Increase,2,17.647058823529417,Possible,1,22.4480473718013,Possible,1
48,48,21047,2012,10.06756908886671,11,5,Normal,1,-1,-8,Decrease,-2,12.5,Possible,1,6.25,Not_Likely,0
49,49,42031,2012,18.71158653926713,19,4,Normal,1,-1,-17,Decrease,-2,-41.66666666666666,Not_Likely,0,14.026953762772148,Possible,1
50,50,42033,2012,4.282241974292041,5,2,Good,0,1,9,Increase,2,0.0,Not_Likely,0,4.2857142857142865,Not_Likely,0
51,51,39025,2012,92.68049387576201,93,9,Critical,2,0,-62,Extremely_Decrease,-3,-38.46153846153846,Not_Likely,0,4.033394303432295,Not_Likely,0
52,52,39027,2012,39.13837828876096,40,5,Critical,2,-1,-19,Decrease,-2,-11.111111111111109,Not_Likely,0,4.444444444444445,Not_Likely,0
53,53,51570,2012,7.590555697139152,8,11,Normal,1,0,0,Stable,0,25.0,Possible,1,10.000000000000004,Possible,1
54,54,42037,2012,5.01120988379108,6,5,Good,0,0,-4,Lightly_Decrease,-1,14.285714285714285,Possible,1,30.729145864508606,Highly_Possible,2
55,55,39029,2012,22.58118269657556,23,7,Critical,2,-1,-6,Decrease,-2,-18.181818181818183,Not_Likely,0,6.429061102197552,Not_Likely,0
56,56,39033,2012,31.146103298061103,32,6,Critical,2,0,1,Stable,0,16.666666666666668,Possible,1,8.88888888888889,Not_Likely,0
57,57,42039,2012,24.770439907061892,25,3,Critical,2,-1,-11,Decrease,-2,-10.0,Not_Likely,0,2.0,Not_Likely,0
58,58,21055,2012,5.690104662260373,6,5,Good,0,0,-4,Lightly_Decrease,-1,-6.25,Not_Likely,0,11.535279801376356,Possible,1
59,59,39035,2012,629.528271317951,630,1,Severe,3,0,-248,Extremely_Decrease,-3,-100.0,Not_Likely,0,34.25663166005223,Highly_Possible,2
60,60,51590,2012,6.649072838086099,7,3,Normal,1,0,6,Increase,2,-10.0,Not_Likely,0,2.0,Not_Likely,0
61,61,42043,2012,22.6334453097057,23,5,Critical,2,0,89,Extremely_Increase,3,16.666666666666668,Possible,1,17.77777777777778,Possible,1
62,62,21059,2012,5.766850929682485,6,4,Good,0,1,8,Increase,2,50.0,Possible,1,32.50000000000001,Highly_Possible,2
63,63,39039,2012,8.741508471614031,9,5,Normal,1,0,2,Stable,0,-7.142857142857142,Not_Likely,0,13.17591220968814,Possible,1
64,64,39041,2012,33.88506683423059,34,5,Critical,2,0,21,Increase,2,37.5,Possible,1,18.750000000000007,Possible,1
65,65,42045,2012,310.95185026880137,311,3,Severe,3,0,74,Extremely_Increase,3,-30.0,Not_Likely,0,2.0,Not_Likely,0
66,66,51051,2012,10.610100627904837,11,6,Normal,1,0,-2,Stable,0,13.636363636363635,Possible,1,9.419193351125456,Not_Likely,0
67,67,54017,2012,8.229484302058449,9,8,Normal,1,-1,-6,Decrease,-2,20.83333333333333,Possible,1,24.97097060132869,Possible,1
68,68,39043,2012,16.534459281363993,17,3,Normal,1,0,-9,Decrease,-2,-20.0,Not_Likely,0,41.88000708344292,Highly_Possible,2
69,69,42049,2012,3.1945267724550206,4,1,Good,0,2,77,Extremely_Increase,3,50.0,Possible,1,3.3333333333333335,Not_Likely,0
70,70,51057,2012,13.139474215564356,14,6,Normal,1,0,-2,Stable,0,-13.636363636363635,Not_Likely,0,6.363636363636363,Not_Likely,0
71,71,51059,2012,115.6945477035645,116,9,Critical,2,0,16,Increase,2,65.0,Highly_Possible,2,54.99999999999998,Highly_Possible,2
72,72,21001,2012,9.798814623987619,10,8,Normal,1,0,-1,Stable,0,-19.23076923076923,Not_Likely,0,1.5384615384615385,Not_Likely,0
73,73,51003,2012,9.335695415301712,10,7,Normal,1,-1,-4,Lightly_Decrease,-1,-7.6923076923076925,Not_Likely,0,3.076923076923077,Not_Likely,0
74,74,51005,2012,7.799106708930634,8,7,Normal,1,0,5,Increase,2,20.83333333333333,Possible,1,9.166666666666666,Not_Likely,0
75,75,39003,2012,31.873407300112625,32,6,Critical,2,0,24,Increase,2,15.0,Possible,1,9.999999999999998,Not_Likely,0
76,76,51009,2012,11.289342459469864,12,9,Normal,1,-1,-6,Decrease,-2,10.0,Possible,1,6.666666666666666,Not_Likely,0
77,77,51015,2012,6.646573789128956,7,7,Normal,1,0,5,Increase,2,-13.333333333333336,Not_Likely,0,7.235127896580652,Not_Likely,0
78,78,51017,2012,11.073775914257574,12,7,Normal,1,0,-3,Lightly_Decrease,-1,13.636363636363635,Possible,1,6.363636363636363,Not_Likely,0
79,79,42007,2012,22.304913335406727,23,7,Critical,2,0,0,Stable,0,-25.0,Not_Likely,0,12.329295328034947,Possible,1
80,80,39013,2012,8.343199518174922,9,8,Normal,1,1,17,Increase,2,20.0,Possible,1,8.999999999999998,Not_Likely,0
81,81,21017,2012,3.8537295546348322,4,10,Good,0,1,13,Increase,2,-11.111111111111109,Not_Likely,0,1.666666666666667,Not_Likely,0
82,82,21019,2012,46.08472949475295,47,7,Critical,2,0,4,Lightly_Increase,1,9.090909090909092,Possible,1,6.363636363636363,Not_Likely,0
83,83,21021,2012,12.318536118227415,13,10,Normal,1,0,-5,Decrease,-2,-80.0,Not_Likely,0,0.0,Not_Likely,0
84,84,51520,2012,4.35753491706902,5,3,Good,0,0,1,Stable,0,-33.333333333333336,Not_Likely,0,1.6666666666666667,Not_Likely,0
85,85,51027,2012,7.100988167357914,8,5,Normal,1,0,10,Increase,2,33.333333333333336,Possible,1,7.777777777777778,Not_Likely,0
86,86,51530,2012,2.574375557977047,3,9,Good,0,1,10,Increase,2,23.33333333333333,Possible,1,8.0,Not_Likely,0
87,87,21035,2012,9.042657420010887,10,4,Normal,1,-1,-6,Decrease,-2,-20.0,Not_Likely,0,14.274159313867633,Possible,1
88,88,21037,2012,40.976374420187895,41,9,Critical,2,1,238,Extremely_Increase,3,-14.285714285714285,Not_Likely,0,4.285714285714286,Not_Likely,0
89,89,51031,2012,16.47326724782436,17,6,Normal,1,0,-5,Decrease,-2,5.0,Possible,1,9.334292588268974,Not_Likely,0
90,90,51035,2012,0.16955733962381336,1,7,Good,0,0,5,Increase,2,5.0,Possible,1,24.516162564031816,Possible,1
91,91,42027,2012,18.80348930147936,19,2,Normal,1,0,-6,Decrease,-2,0.0,Not_Likely,0,13.694624339224438,Possible,1
92,92,39021,2012,5.862666458566699,6,6,Good,0,1,16,Increase,2,33.333333333333336,Possible,1,26.166028758946656,Possible,1
93,93,21049,2012,15.373922706318975,16,10,Normal,1,0,5,Increase,2,-23.529411764705888,Not_Likely,0,10.798390787073174,Possible,1
94,94,51043,2012,11.78879360296314,12,7,Normal,1,-1,-6,Decrease,-2,-8.333333333333334,Not_Likely,0,7.328805178410377,Not_Likely,0
95,95,21051,2012,1.0843781772191288,2,8,Good,0,1,20,Increase,2,-30.76923076923077,Not_Likely,0,1.5384615384615385,Not_Likely,0
96,96,21053,2012,9.375179756456916,10,5,Normal,1,0,-3,Lightly_Decrease,-1,-18.75,Not_Likely,0,0.3599149691727588,Not_Likely,0
97,97,42035,2012,3.3187446764403656,4,1,Good,0,1,6,Increase,2,25.0,Possible,1,23.333333333333332,Possible,1
98,98,39031,2012,14.626434787727066,15,5,Normal,1,-1,-11,Decrease,-2,-43.75,Not_Likely,0,5.11121226993728,Not_Likely,0
99,99,51045,2012,6.9621633860699115,7,9,Normal,1,0,0,Stable,0,-4.166666666666667,Not_Likely,0,8.333333333333332,Not_Likely,0
100,100,51047,2012,40.08850067806196,41,10,Critical,2,0,-11,Decrease,-2,35.714285714285715,Possible,1,18.163069654779108,Possible,1
101,101,21057,2012,8.373778918889387,9,5,Normal,1,0,3,Lightly_Increase,1,-16.666666666666668,Not_Likely,0,1.1111111111111112,Not_Likely,0
102,102,51049,2012,2.22080532146465,3,7,Good,0,1,7,Increase,2,-5.0,Not_Likely,0,4.0,Not_Likely,0
103,103,39037,2012,3.0529240788149488,4,4,Good,0,1,12,Increase,2,28.57142857142857,Possible,1,10.0,Not_Likely,0
104,104,51053,2012,14.978933436806708,15,11,Normal,1,0,-6,Decrease,-2,12.5,Possible,1,8.125,Not_Likely,0
105,105,21063,2012,10.512049520552667,11,8,Normal,1,0,-4,Lightly_Decrease,-1,-28.57142857142857,Not_Likely,0,5.085139224209238,Not_Likely,0
106,106,51600,2012,7.89870193901066,8,8,Normal,1,-1,-3,Lightly_Decrease,-1,65.0,Highly_Possible,2,54.99999999999998,Highly_Possible,2
107,107,39045,2012,87.51027332958604,88,5,Critical,2,0,-54,Extremely_Decrease,-3,-42.857142857142854,Not_Likely,0,1.9556666261942097,Not_Likely,0
108,108,21005,2012,11.724918546534298,12,11,Normal,1,-1,-8,Decrease,-2,-46.875,Not_Likely,0,18.656109998360286,Possible,1
109,109,51515,2012,4.45848624712168,5,9,Good,0,1,7,Increase,2,26.923076923076927,Possible,1,9.23076923076923,Not_Likely,0
110,110,42013,2012,44.23175862646547,45,2,Critical,2,0,-12,Decrease,-2,33.333333333333336,Possible,1,8.92174009362197,Not_Likely,0
111,111,51023,2012,8.621938848363195,9,10,Normal,1,0,-1,Stable,0,28.57142857142857,Possible,1,9.285714285714286,Not_Likely,0
112,112,42015,2012,24.28020511411215,25,1,Critical,2,-2,-24,Decrease,-2,-62.5,Not_Likely,0,6.76273566777966,Not_Likely,0
113,113,51037,2012,6.882154561538715,7,6,Normal,1,0,10,Increase,2,-6.25,Not_Likely,0,3.7500000000000004,Not_Likely,0
114,114,42041,2012,6.9622647495971774,7,5,Normal,1,-1,-4,Lightly_Decrease,-1,12.5,Possible,1,23.21856966743991,Possible,1
115,115,42047,2012,5.1701663298743785,6,4,Good,0,1,2,Stable,0,0.0,Not_Likely,0,8.217055208452582,Not_Likely,0
116,116,51595,2012,5.994385600775916,6,5,Good,0,1,4,Lightly_Increase,1,12.5,Possible,1,7.5,Not_Likely,0
117,117,21065,2012,9.381841075713547,10,10,Normal,1,0,-1,Stable,0,-18.75,Not_Likely,0,0.625,Not_Likely,0
118,118,54009,2012,8.46661845189744,9,8,Normal,1,0,2,Stable,0,7.6923076923076925,Possible,1,5.384615384615385,Not_Likely,0
119,119,21031,2012,10.254201116223873,11,6,Normal,1,-1,-7,Decrease,-2,0.0,Not_Likely,0,5.0,Not_Likely,0
120,120,21039,2012,3.35880743013065,4,5,Good,0,1,5,Increase,2,28.57142857142857,Possible,1,8.117385792664532,Not_Likely,0
121,121,39023,2012,9.716531035880683,10,6,Normal,1,0,4,Lightly_Increase,1,13.636363636363635,Possible,1,16.363636363636363,Possible,1
122,122,54015,2012,9.181162966271046,10,6,Normal,1,-1,-9,Decrease,-2,-22.222222222222218,Not_Likely,0,2.2222222222222223,Not_Likely,0
123,123,21007,2012,6.650460374796662,7,4,Normal,1,-1,-4,Lightly_Decrease,-1,14.285714285714285,Possible,1,7.142857142857143,Not_Likely,0
124,124,51025,2012,4.541186642738026,5,6,Good,0,1,2,Stable,0,0.0,Not_Likely,0,6.25,Not_Likely,0
125,125,21033,2012,18.354511941087186,19,7,Normal,1,0,-8,Decrease,-2,-25.0,Not_Likely,0,4.0,Not_Likely,0
126,126,51610,2012,10.03243544440318,11,7,Normal,1,0,0,Stable,0,65.0,Highly_Possible,2,54.99999999999998,Highly_Possible,2
127,127,21067,2012,222.11464263033332,223,12,Severe,3,-1,-120,Extremely_Decrease,-3,-31.25,Not_Likely,0,19.88108396522424,Possible,1
128,128,21061,2012,10.08074204907037,11,5,Normal,1,0,-1,Stable,0,-9.090909090909092,Not_Likely,0,2.7272727272727275,Not_Likely,0
129,129,51061,2012,40.55015085517263,41,10,Critical,2,0,8,Increase,2,35.29411764705883,Possible,1,24.705882352941174,Possible,1
130,130,51011,2012,6.421996171050964,7,7,Normal,1,-1,-5,Decrease,-2,-11.111111111111109,Not_Likely,0,6.129234376596417,Not_Likely,0
131,131,39047,2012,20.342061892564963,21,7,Normal,1,0,-9,Decrease,-2,-6.25,Not_Likely,0,22.361193166499863,Possible,1
132,132,42051,2012,37.39314951945101,38,3,Critical,2,-1,-16,Decrease,-2,-50.0,Not_Likely,0,34.82104109468943,Highly_Possible,2
133,133,21071,2012,7.472585575224303,8,5,Normal,1,0,4,Lightly_Increase,1,33.333333333333336,Possible,1,18.239191083737815,Possible,1
134,134,51063,2012,11.18146587685828,12,8,Normal,1,0,1,Stable,0,0.0,Not_Likely,0,6.923076923076922,Not_Likely,0
135,135,51065,2012,6.673338950344792,7,7,Normal,1,0,1,Stable,0,-22.72727272727273,Not_Likely,0,3.6363636363636362,Not_Likely,0
136,136,21073,2012,5.168976685480559,6,10,Good,0,1,7,Increase,2,-22.222222222222218,Not_Likely,0,10.977151383925001,Possible,1
137,137,39049,2012,289.3456476343552,290,6,Severe,3,0,308,Extremely_Increase,3,-14.285714285714285,Not_Likely,0,18.571428571428573,Possible,1
138,138,42055,2012,24.31064818319029,25,3,Critical,2,-1,-18,Decrease,-2,-50.0,Not_Likely,0,10.535977644053139,Possible,1
139,139,51067,2012,2.3446729724854114,3,8,Good,0,1,18,Increase,2,-9.090909090909092,Not_Likely,0,10.197311769035384,Possible,1
140,140,51069,2012,69.53903545601814,70,8,Critical,2,0,-42,Decrease,-2,-8.333333333333334,Not_Likely,0,4.166666666666667,Not_Likely,0
141,141,21075,2012,7.78768829541233,8,2,Normal,1,0,1,Stable,0,50.0,Possible,1,8.0,Not_Likely,0
142,142,42057,2012,8.141099887474253,9,3,Normal,1,-1,-6,Decrease,-2,-50.0,Not_Likely,0,0.49715012641318274,Not_Likely,0
143,143,51640,2012,0.07166334003872203,1,4,Good,0,1,7,Increase,2,15.0,Possible,1,8.999999999999998,Not_Likely,0
144,144,39053,2012,20.128904843974713,21,6,Normal,1,0,-8,Decrease,-2,-5.5555555555555545,Not_Likely,0,10.688061581493042,Possible,1
145,145,39055,2012,4.583896780468592,5,2,Good,0,1,2,Stable,0,-42.857142857142854,Not_Likely,0,1.9985436030682369,Not_Likely,0
146,146,51071,2012,32.61478350509611,33,8,Critical,2,0,-9,Decrease,-2,20.83333333333333,Possible,1,7.499999999999999,Not_Likely,0
147,147,51073,2012,24.77522316305853,25,13,Critical,2,-1,-14,Decrease,-2,36.111111111111114,Possible,1,43.888888888888886,Highly_Possible,2
148,148,51075,2012,15.167750380617376,16,8,Normal,1,-1,-13,Decrease,-2,19.23076923076923,Possible,1,6.923076923076922,Not_Likely,0
149,149,21081,2012,10.929132299597851,11,11,Normal,1,0,-1,Stable,0,7.142857142857142,Possible,1,3.5714285714285716,Not_Likely,0
150,150,54023,2012,3.745349823802922,4,4,Good,0,1,4,Lightly_Increase,1,-28.57142857142857,Not_Likely,0,2.857142857142857,Not_Likely,0
151,151,21083,2012,7.8376118909573025,8,6,Normal,1,0,7,Increase,2,0.0,Not_Likely,0,5.555555555555555,Not_Likely,0
152,152,21085,2012,6.308691236765196,7,6,Normal,1,-1,-1,Stable,0,-4.545454545454546,Not_Likely,0,21.104373780368217,Possible,1
153,153,51077,2012,11.283204836904073,12,4,Normal,1,-1,-6,Decrease,-2,25.0,Possible,1,18.53916638265152,Possible,1
154,154,54025,2012,15.601632923888323,16,4,Normal,1,0,-5,Decrease,-2,11.111111111111109,Possible,1,20.512021375051653,Possible,1
155,155,39057,2012,27.95212846444807,28,7,Critical,2,0,27,Increase,2,38.888888888888886,Possible,1,23.931099472194326,Possible,1
156,156,42059,2012,3.7099197497038894,4,6,Good,0,0,2,Stable,0,15.0,Possible,1,16.104180042644565,Possible,1
157,157,51079,2012,3.500755559478747,4,9,Good,0,0,-2,Stable,0,-7.142857142857142,Not_Likely,0,5.0,Not_Likely,0
158,158,39059,2012,24.98070823742681,25,6,Critical,2,-1,-6,Decrease,-2,5.5555555555555545,Possible,1,36.131696810643085,Highly_Possible,2
159,159,51083,2012,10.570027283845643,11,3,Normal,1,0,4,Lightly_Increase,1,0.0,Not_Likely,0,5.000000000000001,Not_Likely,0
160,160,39061,2012,734.8606143537784,735,6,Severe,3,0,205,Extremely_Increase,3,-5.5555555555555545,Not_Likely,0,12.035666268844558,Possible,1
161,161,51650,2012,10.383348348430902,11,13,Normal,1,1,19,Increase,2,68.75,Highly_Possible,2,71.87499999999999,Highly_Possible,2
162,162,39063,2012,29.637430381843313,30,6,Critical,2,-1,-21,Decrease,-2,16.666666666666668,Possible,1,14.144817627426557,Possible,1
163,163,51085,2012,16.875725489048786,17,9,Normal,1,1,40,Increase,2,11.764705882352944,Possible,1,8.823529411764708,Not_Likely,0
164,164,39065,2012,2.2607140264422867,3,7,Good,0,2,30,Increase,2,18.181818181818183,Possible,1,18.181818181818187,Possible,1
165,165,54031,2012,2.8007698884840506,3,4,Good,0,1,17,Increase,2,5.0,Possible,1,6.0,Not_Likely,0
166,166,54033,2012,9.491663822953887,10,9,Normal,1,1,77,Extremely_Increase,3,4.166666666666667,Possible,1,7.499999999999999,Not_Likely,0
167,167,51660,2012,13.955044787037414,14,7,Normal,1,0,-4,Lightly_Decrease,-1,8.333333333333334,Possible,1,5.0,Not_Likely,0
168,168,21099,2012,6.25677969041213,7,8,Normal,1,0,0,Stable,0,4.545454545454546,Possible,1,2.7272727272727275,Not_Likely,0
169,169,21101,2012,8.676380618997754,9,4,Normal,1,0,0,Stable,0,66.66666666666667,Highly_Possible,2,40.00000000000001,Highly_Possible,2
170,170,51087,2012,158.54353837467946,159,12,Critical,2,0,-121,Extremely_Decrease,-3,19.444444444444443,Possible,1,36.061482398885225,Highly_Possible,2
171,171,51089,2012,22.89552516877325,23,4,Critical,2,-2,-17,Decrease,-2,-14.285714285714285,Not_Likely,0,4.69702429328186,Not_Likely,0
172,172,39075,2012,20.284015101484602,21,5,Normal,1,0,-12,Decrease,-2,-43.75,Not_Likely,0,2.5,Not_Likely,0
173,173,21107,2012,1.1232704988288194,2,5,Good,0,2,29,Increase,2,15.0,Possible,1,25.0,Possible,1
174,174,42061,2012,10.30218152539775,11,3,Normal,1,0,2,Stable,0,-62.5,Not_Likely,0,1.25,Not_Likely,0
175,175,39077,2012,24.70178610793489,25,6,Critical,2,0,21,Increase,2,0.0,Not_Likely,0,14.286178602014498,Possible,1
176,176,42063,2012,8.403551608190982,9,3,Normal,1,0,1,Stable,0,-30.0,Not_Likely,0,2.0,Not_Likely,0
177,177,39079,2012,8.599202444994548,9,5,Normal,1,1,60,Extremely_Increase,3,-27.272727272727273,Not_Likely,0,1.8181818181818181,Not_Likely,0
178,178,54035,2012,11.099047927086074,12,7,Normal,1,0,-4,Lightly_Decrease,-1,-10.0,Not_Likely,0,7.6732910136876855,Not_Likely,0
179,179,51095,2012,1.7485385720530358,2,15,Good,0,1,12,Increase,2,16.666666666666668,Possible,1,30.952380952380945,Highly_Possible,2
180,180,21111,2012,459.29674921573616,460,5,Severe,3,0,-38,Decrease,-2,0.0,Not_Likely,0,2.2222222222222223,Not_Likely,0
181,181,39081,2012,12.012429860781696,13,9,Normal,1,0,-2,Stable,0,15.0,Possible,1,19.484822329078305,Possible,1
182,182,42065,2012,9.519630636767406,10,4,Normal,1,0,-1,Stable,0,-14.285714285714285,Not_Likely,0,14.781047475580607,Possible,1
183,183,54037,2012,11.538682522432726,12,6,Normal,1,-1,-7,Decrease,-2,-25.0,Not_Likely,0,2.5,Not_Likely,0
184,184,21115,2012,15.262321195638227,16,7,Normal,1,1,14,Increase,2,28.57142857142857,Possible,1,7.1428571428571415,Not_Likely,0
185,185,21117,2012,179.47823779330972,180,8,Critical,2,0,-64,Extremely_Decrease,-3,-32.142857142857146,Not_Likely,0,2.857142857142857,Not_Likely,0
186,186,51099,2012,15.743457567339853,16,6,Normal,1,-1,-14,Decrease,-2,16.666666666666668,Possible,1,7.777777777777778,Not_Likely,0
187,187,51101,2012,7.705944948949659,8,9,Normal,1,0,2,Stable,0,16.666666666666668,Possible,1,8.333333333333336,Not_Likely,0
188,188,21119,2012,6.303788327078334,7,6,Normal,1,0,13,Increase,2,16.666666666666668,Possible,1,5.833333333333333,Not_Likely,0
189,189,21121,2012,45.52474409621114,46,5,Critical,2,-1,-29,Decrease,-2,-50.0,Not_Likely,0,2.567626958109103,Not_Likely,0
190,190,39083,2012,5.404404588470402,6,5,Good,0,1,11,Increase,2,-18.75,Not_Likely,0,6.25,Not_Likely,0
191,191,42069,2012,7.274610601941742,8,6,Normal,1,1,72,Extremely_Increase,3,6.25,Possible,1,23.515713541193584,Possible,1
192,192,39085,2012,104.01872393613613,105,1,Critical,2,0,-61,Extremely_Decrease,-3,-50.0,Not_Likely,0,41.235730262128875,Highly_Possible,2
193,193,42071,2012,224.3202400120205,225,4,Severe,3,-2,-215,Extremely_Decrease,-3,60.0,Highly_Possible,2,45.91449931985619,Highly_Possible,2
194,194,21125,2012,42.524925168742364,43,6,Critical,2,-2,-42,Decrease,-2,-45.0,Not_Likely,0,13.372280660757857,Possible,1
195,195,42075,2012,28.53887114510431,29,4,Critical,2,0,16,Increase,2,42.857142857142854,Possible,1,35.71428571428572,Highly_Possible,2
196,196,42077,2012,68.94848803965972,69,4,Critical,2,0,14,Increase,2,-31.25,Not_Likely,0,17.5,Possible,1
197,197,39089,2012,82.53979926681097,83,6,Critical,2,0,-26,Decrease,-2,16.666666666666668,Possible,1,20.984073891924737,Possible,1
198,198,21141,2012,9.512865042507658,10,5,Normal,1,0,5,Increase,2,14.285714285714285,Possible,1,7.142857142857143,Not_Likely,0
199,199,39091,2012,7.432742326119242,8,5,Normal,1,0,-1,Stable,0,20.0,Possible,1,33.13711339968408,Highly_Possible,2
200,200,54045,2012,31.22633963496707,32,5,Critical,2,-2,-31,Decrease,-2,-15.0,Not_Likely,0,11.328606731537846,Possible,1
201,201,51107,2012,9.991613173013686,10,9,Normal,1,1,16,Increase,2,26.66666666666667,Possible,1,40.51729236507389,Highly_Possible,2
202,202,51109,2012,11.171887612533727,12,7,Normal,1,0,3,Lightly_Increase,1,-3.333333333333333,Not_Likely,0,5.999999999999999,Not_Likely,0
203,203,21069,2012,16.90078229681636,17,10,Normal,1,-1,-14,Decrease,-2,-23.33333333333333,Not_Likely,0,1.3333333333333333,Not_Likely,0
204,204,51620,2012,7.461414519235598,8,5,Normal,1,0,2,Stable,0,50.0,Possible,1,50.0,Highly_Possible,2
205,205,51630,2012,7.684078716867116,8,8,Normal,1,0,10,Increase,2,25.0,Possible,1,9.166666666666666,Not_Likely,0
206,206,39051,2012,18.438304778152684,19,4,Normal,1,0,-6,Decrease,-2,8.333333333333334,Possible,1,1.6666666666666667,Not_Likely,0
207,207,21079,2012,16.264189272061213,17,9,Normal,1,0,-9,Decrease,-2,-65.625,Not_Likely,0,0.0,Not_Likely,0
208,208,21087,2012,5.550577611630263,6,7,Good,0,1,5,Increase,2,-25.0,Not_Likely,0,2.1428571428571432,Not_Likely,0
209,209,51081,2012,4.232706754234573,5,5,Good,0,0,-3,Lightly_Decrease,-1,0.0,Not_Likely,0,16.787291655276178,Possible,1
210,210,21089,2012,20.938644781532727,21,5,Normal,1,-1,-15,Decrease,-2,-20.83333333333333,Not_Likely,0,2.5000000000000004,Not_Likely,0
211,211,54029,2012,13.075300215129205,14,7,Normal,1,-1,-9,Decrease,-2,-12.5,Not_Likely,0,14.414114077135563,Possible,1
212,212,21095,2012,70.32287236451187,71,5,Critical,2,-1,-56,Extremely_Decrease,-3,-40.90909090909091,Not_Likely,0,16.61300740393489,Possible,1
213,213,21097,2012,24.372362347221216,25,10,Critical,2,-1,-4,Lightly_Decrease,-1,5.2631578947368425,Possible,1,2.6315789473684212,Not_Likely,0
214,214,21103,2012,2.853687964450043,3,8,Good,0,0,1,Stable,0,-7.142857142857142,Not_Likely,0,2.857142857142857,Not_Likely,0
215,215,39071,2012,15.846504055278526,16,7,Normal,1,0,-6,Decrease,-2,-44.444444444444436,Not_Likely,0,15.64560219194362,Possible,1
216,216,51670,2012,6.1727056377682015,7,13,Normal,1,-1,-2,Stable,0,25.0,Possible,1,12.291443860915047,Possible,1
217,217,21109,2012,4.970089226925039,5,8,Good,0,0,-1,Stable,0,-25.0,Not_Likely,0,0.0,Not_Likely,0
218,218,21113,2012,48.27796028275898,49,12,Critical,2,0,-17,Decrease,-2,-40.0,Not_Likely,0,8.455780350922742,Not_Likely,0
219,219,54039,2012,88.15829026341589,89,4,Critical,2,0,4,Lightly_Increase,1,-56.25,Not_Likely,0,2.8149019223042244,Not_Likely,0
220,220,21127,2012,3.3115603360297987,4,7,Good,0,0,-2,Stable,0,11.538461538461537,Possible,1,11.573007928063554,Possible,1
221,221,42073,2012,22.771414918073805,23,5,Critical,2,0,7,Increase,2,-50.0,Not_Likely,0,0.0,Not_Likely,0
222,222,21129,2012,0.9543381674031056,1,8,Good,0,1,7,Increase,2,0.0,Not_Likely,0,3.396006831267686,Not_Likely,0
223,223,21131,2012,17.523431401730086,18,10,Normal,1,0,-2,Stable,0,-9.090909090909092,Not_Likely,0,2.7272727272727275,Not_Likely,0
224,224,21133,2012,8.304664431398859,9,7,Normal,1,0,2,Stable,0,-8.333333333333334,Not_Likely,0,4.166666666666667,Not_Likely,0
225,225,21135,2012,7.321508409583749,8,7,Normal,1,-1,-3,Lightly_Decrease,-1,-75.0,Not_Likely,0,11.985496854616468,Possible,1
226,226,21137,2012,9.42425357534191,10,8,Normal,1,0,-1,Stable,0,-65.38461538461539,Not_Likely,0,0.0,Not_Likely,0
227,227,21139,2012,14.151225657489224,15,5,Normal,1,0,-7,Decrease,-2,-31.25,Not_Likely,0,2.5,Not_Likely,0
228,228,39093,2012,15.584571173335517,16,3,Normal,1,-1,-11,Decrease,-2,-30.0,Not_Likely,0,8.445983551967748,Not_Likely,0
229,229,54019,2012,14.259502077381196,15,4,Normal,1,-1,-11,Decrease,-2,-37.5,Not_Likely,0,5.37161720554882,Not_Likely,0
230,230,21093,2012,25.210219793026177,26,7,Critical,2,-2,-22,Decrease,-2,5.0,Possible,1,21.317864649076,Possible,1
231,231,39073,2012,17.688007701422148,18,4,Normal,1,-1,-14,Decrease,-2,0.0,Not_Likely,0,15.412046419227234,Possible,1
232,232,42067,2012,15.096358668815439,16,5,Normal,1,0,-8,Decrease,-2,-16.666666666666668,Not_Likely,0,13.910640976732376,Possible,1
233,233,51105,2012,9.963699165789262,10,4,Normal,1,0,6,Increase,2,-43.75,Not_Likely,0,0.0,Not_Likely,0
234,234,39095,2012,153.53480280753868,154,3,Critical,2,0,0,Stable,0,0.0,Not_Likely,0,6.000000000000001,Not_Likely,0
235,235,51111,2012,4.655616534081826,5,6,Good,0,1,2,Stable,0,0.0,Not_Likely,0,5.0,Not_Likely,0
236,236,42079,2012,161.70837116630187,162,4,Critical,2,0,36,Increase,2,11.111111111111109,Possible,1,24.72747184794273,Possible,1
237,237,42081,2012,17.21254824201132,18,4,Normal,1,1,61,Extremely_Increase,3,75.0,Highly_Possible,2,45.348469609404404,Highly_Possible,2
238,238,51680,2012,12.863897126815937,13,7,Normal,1,1,13,Increase,2,4.545454545454546,Possible,1,9.09090909090909,Not_Likely,0
239,239,21143,2012,3.520163974439179,4,6,Good,0,0,-2,Stable,0,-50.0,Not_Likely,0,15.008855747683588,Possible,1
240,240,21151,2012,110.80530201454715,111,10,Critical,2,0,-88,Extremely_Decrease,-3,-18.75,Not_Likely,0,2.6377557595057555,Not_Likely,0
241,241,51113,2012,8.323643730588657,9,7,Normal,1,0,-1,Stable,0,13.333333333333336,Possible,1,7.333333333333332,Not_Likely,0
242,242,21153,2012,13.858283134385074,14,7,Normal,1,0,-3,Lightly_Decrease,-1,0.0,Not_Likely,0,6.153846153846154,Not_Likely,0
243,243,39099,2012,216.31355092262692,217,4,Severe,3,-1,-134,Extremely_Decrease,-3,-50.0,Not_Likely,0,2.308356741722488,Not_Likely,0
244,244,39101,2012,5.377302957543632,6,6,Good,0,2,29,Increase,2,30.0,Possible,1,34.466074032759195,Highly_Possible,2
245,245,54049,2012,22.768670716786215,23,8,Critical,2,0,10,Increase,2,-4.545454545454546,Not_Likely,0,7.2727272727272725,Not_Likely,0
246,246,54051,2012,5.893302890834204,6,7,Good,0,2,18,Increase,2,36.36363636363637,Possible,1,8.18181818181818,Not_Likely,0
247,247,21159,2012,11.174091660787084,12,7,Normal,1,0,1,Stable,0,25.0,Possible,1,8.0,Not_Likely,0
248,248,51690,2012,4.690955509210909,5,5,Good,0,0,-3,Lightly_Decrease,-1,-14.285714285714285,Not_Likely,0,6.807593287991271,Not_Likely,0
249,249,21161,2012,28.50517892493033,29,10,Critical,2,-1,-15,Decrease,-2,-50.0,Not_Likely,0,1.4500908390221607,Not_Likely,0
250,250,54053,2012,9.887577096057033,10,6,Normal,1,0,2,Stable,0,-5.5555555555555545,Not_Likely,0,3.333333333333334,Not_Likely,0
251,251,21145,2012,7.3549461275087555,8,6,Normal,1,-1,-4,Lightly_Decrease,-1,12.5,Possible,1,5.0,Not_Likely,0
252,252,21147,2012,16.259595640872586,17,3,Normal,1,0,1,Stable,0,-62.5,Not_Likely,0,0.0,Not_Likely,0
253,253,54047,2012,2.750805510719964,3,4,Good,0,0,-2,Stable,0,5.5555555555555545,Possible,1,11.584217252081242,Possible,1
254,254,42083,2012,14.742557521662064,15,1,Normal,1,-1,-9,Decrease,-2,-25.0,Not_Likely,0,9.524282175045418,Not_Likely,0
255,255,21165,2012,12.33730460003616,13,11,Normal,1,-1,-8,Decrease,-2,-15.625,Not_Likely,0,1.25,Not_Likely,0
256,256,39107,2012,12.42138533076908,13,4,Normal,1,1,12,Increase,2,41.66666666666666,Possible,1,12.126535357905237,Possible,1
257,257,42053,2012,3.2622269118411533,4,4,Good,0,0,-2,Stable,0,-50.0,Not_Likely,0,18.104088331591804,Possible,1
258,258,39069,2012,11.825285689981664,12,5,Normal,1,0,-3,Lightly_Decrease,-1,-6.25,Not_Likely,0,10.384405666417342,Possible,1
259,259,51093,2012,9.065006883562358,10,14,Normal,1,0,6,Increase,2,63.88888888888889,Highly_Possible,2,54.99999999999998,Highly_Possible,2
260,260,39087,2012,21.90053333765609,22,7,Critical,2,-1,0,Stable,0,4.545454545454546,Possible,1,7.592062463156935,Not_Likely,0
261,261,21155,2012,9.058810337324944,10,9,Normal,1,-1,-5,Decrease,-2,-46.153846153846146,Not_Likely,0,1.7177859843279297,Not_Likely,0
262,262,21157,2012,3.284419140366221,4,6,Good,0,0,1,Stable,0,-30.0,Not_Likely,0,18.376997887876406,Possible,1
263,263,21149,2012,0.1414725305158516,1,6,Good,0,1,7,Increase,2,62.5,Highly_Possible,2,32.50000000000001,Highly_Possible,2
264,264,51117,2012,28.927391952040768,29,3,Critical,2,-1,-15,Decrease,-2,25.0,Possible,1,3.3333333333333335,Not_Likely,0
265,265,39105,2012,18.14724288743113,19,6,Normal,1,0,-1,Stable,0,5.0,Possible,1,2.0,Not_Likely,0
266,266,21167,2012,8.653610647455126,9,11,Normal,1,-1,-6,Decrease,-2,-61.764705882352935,Not_Likely,0,7.6756743005174,Not_Likely,0
267,267,42085,2012,23.73079330280112,24,4,Critical,2,-2,-22,Decrease,-2,-57.14285714285714,Not_Likely,0,1.5524765340175817,Not_Likely,0
268,268,21077,2012,11.742943732038727,12,9,Normal,1,0,-3,Lightly_Decrease,-1,17.857142857142858,Possible,1,2.857142857142857,Not_Likely,0
269,269,21123,2012,0.9808851629768884,1,7,Good,0,0,1,Stable,0,-13.636363636363635,Not_Likely,0,5.583146882928161,Not_Likely,0
270,270,51678,2012,7.340049421199629,8,10,Normal,1,0,3,Lightly_Increase,1,23.33333333333333,Possible,1,8.0,Not_Likely,0
271,271,51091,2012,4.485408484434814,5,5,Good,0,0,-3,Lightly_Decrease,-1,-14.285714285714285,Not_Likely,0,5.199568508007978,Not_Likely,0
272,272,51103,2012,6.349254107272004,7,5,Normal,1,-1,-3,Lightly_Decrease,-1,-10.714285714285714,Not_Likely,0,14.680211553965174,Possible,1
273,273,39097,2012,0.11761606010784295,1,7,Good,0,2,26,Increase,2,33.333333333333336,Possible,1,29.756703292859108,Possible,1
274,274,51115,2012,14.395692974463909,15,11,Normal,1,0,-5,Decrease,-2,35.714285714285715,Possible,1,46.42857142857142,Highly_Possible,2
275,275,39103,2012,12.994374974480676,13,4,Normal,1,1,13,Increase,2,-25.0,Not_Likely,0,9.93682506909035,Not_Likely,0
276,276,54057,2012,12.292335914270167,13,3,Normal,1,0,-5,Decrease,-2,-12.5,Not_Likely,0,2.5,Not_Likely,0
277,277,39111,2012,0.2127503708143381,1,7,Good,0,1,8,Increase,2,10.0,Possible,1,8.999999999999998,Not_Likely,0
278,278,42089,2012,80.56312846586405,81,4,Critical,2,0,-37,Decrease,-2,42.857142857142854,Possible,1,5.714285714285714,Not_Likely,0
279,279,39113,2012,402.4169470088778,403,6,Severe,3,0,578,Extremely_Increase,3,22.222222222222218,Possible,1,8.88888888888889,Not_Likely,0
280,280,42091,2012,20.758382703381635,21,5,Normal,1,0,-13,Decrease,-2,7.142857142857142,Possible,1,8.368479345302035,Not_Likely,0
281,281,51121,2012,23.332519424075127,24,9,Critical,2,-1,-11,Decrease,-2,12.5,Possible,1,17.35975972781111,Possible,1
282,282,42093,2012,1.1254802429923023,2,6,Good,0,1,8,Increase,2,22.222222222222218,Possible,1,33.94914470412115,Highly_Possible,2
283,283,39115,2012,4.776352669873185,5,5,Good,0,0,0,Stable,0,11.111111111111109,Possible,1,5.977881117847933,Not_Likely,0
284,284,54065,2012,22.564990086708946,23,6,Critical,2,-1,-13,Decrease,-2,-55.555555555555564,Not_Likely,0,0.0,Not_Likely,0
285,285,39117,2012,18.799720044264397,19,5,Normal,1,0,-4,Lightly_Decrease,-1,10.0,Possible,1,18.000000000000004,Possible,1
286,286,21177,2012,3.7344644962024174,4,7,Good,0,1,14,Increase,2,40.0,Possible,1,24.958123801216903,Possible,1
287,287,39119,2012,4.798209278381514,5,6,Good,0,1,11,Increase,2,-28.57142857142857,Not_Likely,0,8.401161010801163,Not_Likely,0
288,288,51125,2012,9.252554759395263,10,10,Normal,1,-1,-6,Decrease,-2,3.571428571428572,Possible,1,4.285714285714286,Not_Likely,0
289,289,51127,2012,13.61869088884726,14,15,Normal,1,0,2,Stable,0,15.789473684210524,Possible,1,8.947368421052634,Not_Likely,0
290,290,51700,2012,2.8454684261865912,3,13,Good,0,1,13,Increase,2,63.157894736842096,Highly_Possible,2,62.105263157894726,Highly_Possible,2
291,291,54067,2012,15.265939452939842,16,4,Normal,1,1,28,Increase,2,-50.0,Not_Likely,0,5.000000000000001,Not_Likely,0
292,292,42095,2012,53.10028109568256,54,4,Critical,2,-1,-46,Decrease,-2,-30.0,Not_Likely,0,21.15487719712495,Possible,1
293,293,42097,2012,9.196444586564274,10,6,Normal,1,0,4,Lightly_Increase,1,25.0,Possible,1,21.250000000000004,Possible,1
294,294,54069,2012,7.9520442204574575,8,8,Normal,1,1,32,Increase,2,36.36363636363637,Possible,1,8.18181818181818,Not_Likely,0
295,295,51137,2012,21.527305006840635,22,7,Critical,2,-1,-3,Lightly_Decrease,-1,6.666666666666668,Possible,1,6.666666666666666,Not_Likely,0
296,296,39123,2012,12.010736475389864,13,4,Normal,1,0,3,Lightly_Increase,1,14.285714285714285,Possible,1,4.2857142857142865,Not_Likely,0
297,297,21187,2012,3.091906725084393,4,10,Good,0,1,7,Increase,2,-6.25,Not_Likely,0,3.125,Not_Likely,0
298,298,51139,2012,10.995301942341523,11,8,Normal,1,1,12,Increase,2,25.0,Possible,1,9.166666666666666,Not_Likely,0
299,299,21191,2012,4.130870331921705,5,14,Good,0,1,5,Increase,2,-2.9411764705882355,Not_Likely,0,2.9411764705882355,Not_Likely,0
300,300,39127,2012,1.3524854180703318,2,6,Good,0,1,14,Increase,2,-18.75,Not_Likely,0,3.7500000000000004,Not_Likely,0
301,301,51730,2012,0.5934894356671926,1,11,Good,0,1,13,Increase,2,22.222222222222218,Possible,1,10.000000000000004,Possible,1
302,302,42101,2012,1035.752036068866,1036,3,Severe,3,0,-296,Extremely_Decrease,-3,-30.0,Not_Likely,0,2.0,Not_Likely,0
303,303,21195,2012,29.60294390310105,30,5,Critical,2,0,9,Increase,2,31.818181818181817,Possible,1,10.02791343395352,Possible,1
304,304,39131,2012,10.389290281265012,11,5,Normal,1,0,-1,Stable,0,-37.5,Not_Likely,0,8.274633643301419,Not_Likely,0
305,305,42103,2012,6.306042226197151,7,3,Normal,1,0,4,Lightly_Increase,1,0.0,Not_Likely,0,12.184333031590038,Possible,1
306,306,51735,2012,3.538917685018064,4,13,Good,0,1,5,Increase,2,64.70588235294117,Highly_Possible,2,68.23529411764704,Highly_Possible,2
307,307,39133,2012,4.2042924799501336,5,5,Good,0,2,40,Increase,2,-43.75,Not_Likely,0,20.81528806332794,Possible,1
308,308,51740,2012,0.8626263456480615,1,9,Good,0,2,40,Increase,2,84.61538461538461,Highly_Possible,2,79.23076923076923,Highly_Possible,2
309,309,54055,2012,27.397896268961002,28,6,Critical,2,0,18,Increase,2,16.666666666666668,Possible,1,7.499999999999999,Not_Likely,0
310,310,39109,2012,43.67483687903195,44,7,Critical,2,0,-9,Decrease,-2,35.0,Possible,1,9.999999999999998,Not_Likely,0
311,311,51119,2012,10.875856950145755,11,9,Normal,1,0,-1,Stable,0,16.666666666666668,Possible,1,26.000000000000004,Possible,1
312,312,21171,2012,10.378878759999957,11,5,Normal,1,-1,-7,Decrease,-2,-28.57142857142857,Not_Likely,0,1.4285714285714286,Not_Likely,0
313,313,21173,2012,38.65103379481022,39,12,Critical,2,0,27,Increase,2,-20.58823529411765,Not_Likely,0,1.7647058823529413,Not_Likely,0
314,314,21175,2012,9.875168319243793,10,10,Normal,1,-1,-5,Decrease,-2,3.571428571428572,Possible,1,19.396957701343812,Possible,1
315,315,21179,2012,18.043931513402487,19,8,Normal,1,0,-9,Decrease,-2,-39.285714285714285,Not_Likely,0,15.713490346378247,Possible,1
316,316,39121,2012,16.940216788619583,17,6,Normal,1,-1,-15,Decrease,-2,11.111111111111109,Possible,1,7.777777777777778,Not_Likely,0
317,317,51710,2012,9.84004933377248,10,9,Normal,1,1,64,Extremely_Increase,3,75.0,Highly_Possible,2,80.71428571428571,Highly_Possible,2
318,318,21183,2012,7.764849017878097,8,7,Normal,1,-1,-5,Decrease,-2,25.0,Possible,1,21.159415418348324,Possible,1
319,319,21189,2012,7.741431951612237,8,9,Normal,1,-1,-4,Lightly_Decrease,-1,0.0,Not_Likely,0,1.5384615384615385,Not_Likely,0
320,320,51141,2012,16.26145492075344,17,4,Normal,1,0,-6,Decrease,-2,5.0,Possible,1,6.0,Not_Likely,0
321,321,39125,2012,6.944317893443991,7,5,Normal,1,-1,-2,Stable,0,21.428571428571427,Possible,1,5.714285714285714,Not_Likely,0
322,322,39129,2012,74.09642733564358,75,5,Critical,2,0,-32,Decrease,-2,-14.285714285714285,Not_Likely,0,1.4285714285714286,Not_Likely,0
323,323,54075,2012,4.087786284174029,5,3,Good,0,0,0,Stable,0,-25.0,Not_Likely,0,7.1918849038262795,Not_Likely,0
324,324,21197,2012,7.555348315560727,8,10,Normal,1,1,29,Increase,2,-3.333333333333333,Not_Likely,0,1.3333333333333333,Not_Likely,0
325,325,51145,2012,7.579282084386278,8,9,Normal,1,-1,-6,Decrease,-2,15.625,Possible,1,10.433185367362228,Possible,1
326,326,51153,2012,94.85968974180186,95,11,Critical,2,0,22,Increase,2,36.66666666666666,Possible,1,39.999999999999986,Highly_Possible,2
327,327,21199,2012,44.18747914091976,45,7,Critical,2,-1,-35,Decrease,-2,-45.45454545454545,Not_Likely,0,4.416818948539423,Not_Likely,0
328,328,51155,2012,31.042829928677488,32,8,Critical,2,0,7,Increase,2,20.83333333333333,Possible,1,9.166666666666666,Not_Likely,0
329,329,54081,2012,86.66337763785641,87,5,Critical,2,0,-6,Decrease,-2,-43.75,Not_Likely,0,2.5,Not_Likely,0
330,330,39139,2012,30.42139089194169,31,5,Critical,2,0,5,Increase,2,5.5555555555555545,Possible,1,9.157959586108529,Not_Likely,0
331,331,54085,2012,12.845082758028095,13,8,Normal,1,-1,-7,Decrease,-2,3.8461538461538463,Possible,1,5.384615384615385,Not_Likely,0
332,332,54087,2012,11.140528635310078,12,6,Normal,1,-1,-10,Decrease,-2,-16.666666666666668,Not_Likely,0,4.312920927711411,Not_Likely,0
333,333,51163,2012,4.880660150123422,5,8,Good,0,1,3,Lightly_Increase,1,23.33333333333333,Possible,1,9.422310623998893,Not_Likely,0
334,334,51165,2012,13.238965772518005,14,8,Normal,1,0,-2,Stable,0,22.72727272727273,Possible,1,15.138842659009484,Possible,1
335,335,39141,2012,12.180643577945249,13,4,Normal,1,1,45,Increase,2,-44.444444444444436,Not_Likely,0,5.631573272269014,Not_Likely,0
336,336,21205,2012,32.19441787744452,33,8,Critical,2,0,-9,Decrease,-2,-42.857142857142854,Not_Likely,0,1.5198732846943002,Not_Likely,0
337,337,51167,2012,23.723480847238946,24,6,Critical,2,-1,-11,Decrease,-2,0.0,Not_Likely,0,5.0,Not_Likely,0
338,338,51775,2012,3.637816011514842,4,9,Good,0,1,4,Lightly_Increase,1,17.857142857142858,Possible,1,7.857142857142856,Not_Likely,0
339,339,39145,2012,97.56550171120622,98,6,Critical,2,-1,-79,Extremely_Decrease,-3,0.0,Not_Likely,0,8.841522747323285,Not_Likely,0
340,340,51683,2012,2.837614914428047,3,10,Good,0,1,4,Lightly_Increase,1,39.285714285714285,Possible,1,42.14285714285713,Highly_Possible,2
341,341,21163,2012,11.794203230593775,12,3,Normal,1,0,4,Lightly_Increase,1,7.142857142857142,Possible,1,5.714285714285714,Not_Likely,0
342,342,42087,2012,3.031807816074288,4,5,Good,0,0,-2,Stable,0,-50.0,Not_Likely,0,5.1551117205307415,Not_Likely,0
343,343,54061,2012,21.681735382349725,22,7,Critical,2,-2,-21,Decrease,-2,-5.0,Not_Likely,0,17.17192961887329,Possible,1
344,344,54063,2012,1.788335413616294,2,6,Good,0,1,8,Increase,2,12.5,Possible,1,8.333333333333332,Not_Likely,0
345,345,51133,2012,5.057700165455746,6,5,Good,0,0,-1,Stable,0,-44.444444444444436,Not_Likely,0,4.444444444444445,Not_Likely,0
346,346,21185,2012,4.911078936161106,5,6,Good,0,1,3,Lightly_Increase,1,15.0,Possible,1,1.0,Not_Likely,0
347,347,21193,2012,48.89070791588474,49,7,Critical,2,0,-12,Decrease,-2,9.090909090909092,Possible,1,3.6363636363636362,Not_Likely,0
348,348,51143,2012,17.749832337546696,18,4,Normal,1,0,-3,Lightly_Decrease,-1,11.111111111111109,Possible,1,4.444444444444445,Not_Likely,0
349,349,42105,2012,3.8413334341974905,4,1,Good,0,0,-1,Stable,0,20.0,Possible,1,26.906825278820524,Possible,1
350,350,39135,2012,11.790921235180384,12,4,Normal,1,0,1,Stable,0,25.0,Possible,1,10.0,Not_Likely,0
351,351,54077,2012,11.888326952306214,12,6,Normal,1,0,-4,Lightly_Decrease,-1,-18.75,Not_Likely,0,2.5,Not_Likely,0
352,352,51147,2012,10.690632410220822,11,7,Normal,1,0,1,Stable,0,0.0,Not_Likely,0,4.0,Not_Likely,0
353,353,51149,2012,5.544702883332291,6,13,Good,0,0,0,Stable,0,29.411764705882355,Possible,1,15.294117647058824,Possible,1
354,354,51157,2012,9.509560632947233,10,6,Normal,1,0,0,Stable,0,21.428571428571427,Possible,1,7.1428571428571415,Not_Likely,0
355,355,51760,2012,7.6422711266179375,8,13,Normal,1,1,158,Extremely_Increase,3,2.9411764705882355,Possible,1,10.000000000000002,Possible,1
356,356,51770,2012,29.40828047527501,30,7,Critical,2,0,1,Stable,0,20.83333333333333,Possible,1,7.499999999999999,Not_Likely,0
357,357,21201,2012,1.8466797060537297,2,9,Good,0,1,8,Increase,2,3.571428571428572,Possible,1,2.857142857142857,Not_Likely,0
358,358,21203,2012,10.87781633362495,11,7,Normal,1,0,2,Stable,0,-34.615384615384606,Not_Likely,0,15.273997126255944,Possible,1
359,359,21169,2012,3.7004567272216455,4,7,Good,0,0,2,Stable,0,-12.5,Not_Likely,0,8.5472827089309,Not_Likely,0
360,360,54059,2012,1.7409814640056818,2,3,Good,0,1,16,Increase,2,9.090909090909092,Possible,1,7.2727272727272725,Not_Likely,0
361,361,42099,2012,9.932293667885887,10,5,Normal,1,0,2,Stable,0,0.0,Not_Likely,0,5.0,Not_Likely,0
362,362,39137,2012,8.299224843091606,9,6,Normal,1,0,-1,Stable,0,5.0,Possible,1,7.0,Not_Likely,0
363,363,21207,2012,12.491024431564586,13,7,Normal,1,0,-6,Decrease,-2,-4.545454545454546,Not_Likely,0,0.0,Not_Likely,0
364,364,39143,2012,14.139910060251568,15,4,Normal,1,0,-3,Lightly_Decrease,-1,5.0,Possible,1,13.333463814034893,Possible,1
365,365,42107,2012,42.10894773719719,43,5,Critical,2,0,-7,Decrease,-2,65.0,Highly_Possible,2,18.000000000000007,Possible,1
366,366,51169,2012,24.488228835206236,25,4,Critical,2,-2,-19,Decrease,-2,-25.0,Not_Likely,0,16.912800946697846,Possible,1
367,367,39147,2012,22.2804871768738,23,7,Critical,2,0,1,Stable,0,27.777777777777782,Possible,1,7.777777777777778,Not_Likely,0
368,368,39149,2012,21.968163195355,22,7,Critical,2,0,3,Lightly_Increase,1,40.0,Possible,1,9.999999999999998,Not_Likely,0
369,369,51171,2012,17.684940181599547,18,7,Normal,1,1,19,Increase,2,12.5,Possible,1,19.69154692099324,Possible,1
370,370,21213,2012,13.974235457195409,14,3,Normal,1,0,-6,Decrease,-2,16.666666666666668,Possible,1,5.000000000000001,Not_Likely,0
371,371,51173,2012,15.694394447541592,16,5,Normal,1,0,0,Stable,0,18.75,Possible,1,8.75,Not_Likely,0
372,372,42111,2012,12.820918049165964,13,1,Normal,1,0,8,Increase,2,-12.5,Not_Likely,0,0.0,Not_Likely,0
373,373,51175,2012,7.8725972592119025,8,7,Normal,1,0,0,Stable,0,35.0,Possible,1,27.0,Possible,1
374,374,51177,2012,23.02905085444849,24,8,Critical,2,0,0,Stable,0,4.166666666666667,Possible,1,22.952020053019055,Possible,1
375,375,21181,2012,15.940861241580107,16,11,Normal,1,0,-4,Lightly_Decrease,-1,-16.666666666666668,Not_Likely,0,2.0000000000000004,Not_Likely,0
376,376,51135,2012,2.104877801872965,3,8,Good,0,1,11,Increase,2,15.384615384615385,Possible,1,6.153846153846154,Not_Likely,0
377,377,54079,2012,10.891465268375423,11,6,Normal,1,0,-4,Lightly_Decrease,-1,-25.0,Not_Likely,0,14.003706796569132,Possible,1
378,378,51750,2012,3.055116330344442,4,8,Good,0,0,1,Stable,0,20.0,Possible,1,8.666666666666666,Not_Likely,0
379,379,21209,2012,3.90295534617835,4,11,Good,0,2,25,Increase,2,5.5555555555555545,Possible,1,16.382417922879117,Possible,1
380,380,51720,2012,7.2192228443242845,8,5,Normal,1,0,-1,Stable,0,-25.0,Not_Likely,0,2.3765460512434036,Not_Likely,0
381,381,54083,2012,10.495816469935287,11,4,Normal,1,0,9,Increase,2,0.0,Not_Likely,0,5.555555555555555,Not_Likely,0
382,382,21215,2012,11.523920452893352,12,9,Normal,1,-1,-11,Decrease,-2,-34.615384615384606,Not_Likely,0,9.5731634041339,Not_Likely,0
383,383,39151,2012,15.846873457115846,16,6,Normal,1,0,-8,Decrease,-2,-55.0,Not_Likely,0,2.4029379389130656,Not_Likely,0
384,384,51790,2012,6.406743162329832,7,7,Normal,1,-1,-6,Decrease,-2,-6.666666666666668,Not_Likely,0,5.333333333333333,Not_Likely,0
385,385,42113,2012,8.573798274686036,9,5,Normal,1,0,-2,Stable,0,14.285714285714285,Possible,1,26.612560252586235,Possible,1
386,386,39153,2012,82.24712837212972,83,4,Critical,2,0,-46,Decrease,-2,-16.666666666666668,Not_Likely,0,0.3520378945456826,Not_Likely,0
387,387,51183,2012,0.11818064613398847,1,11,Good,0,1,9,Increase,2,12.5,Possible,1,14.375000000000002,Possible,1
388,388,51185,2012,29.766540085621816,30,5,Critical,2,0,32,Increase,2,25.0,Possible,1,8.0,Not_Likely,0
389,389,39155,2012,150.3839641968905,151,4,Critical,2,0,-19,Decrease,-2,-25.0,Not_Likely,0,1.7252410356507464,Not_Likely,0
390,390,39157,2012,13.99776214962088,14,6,Normal,1,0,-4,Lightly_Decrease,-1,-62.5,Not_Likely,0,1.25,Not_Likely,0
391,391,39159,2012,29.05892883937996,30,7,Critical,2,-2,-27,Decrease,-2,55.0,Highly_Possible,2,34.39177008201071,Highly_Possible,2
392,392,42119,2012,9.869199907200473,10,4,Normal,1,0,0,Stable,0,25.0,Possible,1,20.0,Possible,1
393,393,39161,2012,0.8287530147242725,1,5,Good,0,0,2,Stable,0,14.285714285714285,Possible,1,15.655656237269795,Possible,1
394,394,51810,2012,6.9369107612815055,7,5,Normal,1,1,62,Extremely_Increase,3,110.0,Highly_Possible,2,100.0,Highly_Possible,2
395,395,51179,2012,68.12274451890124,69,9,Critical,2,0,3,Lightly_Increase,1,26.66666666666667,Possible,1,40.0,Highly_Possible,2
396,396,21217,2012,10.991683039680614,11,10,Normal,1,0,4,Lightly_Increase,1,-30.76923076923077,Not_Likely,0,0.7692307692307693,Not_Likely,0
397,397,42121,2012,18.172907625741697,19,4,Normal,1,-1,-16,Decrease,-2,-58.33333333333334,Not_Likely,0,5.370944834561655,Not_Likely,0
398,398,21227,2012,7.275167249747787,8,6,Normal,1,0,12,Increase,2,-11.111111111111109,Not_Likely,0,4.444444444444445,Not_Likely,0
399,399,42123,2012,13.250585635210848,14,1,Normal,1,0,-6,Decrease,-2,-50.0,Not_Likely,0,6.119427736175707,Not_Likely,0
400,400,51187,2012,47.36010318039846,48,7,Critical,2,0,19,Increase,2,14.285714285714285,Possible,1,30.265868688148853,Highly_Possible,2
401,401,42125,2012,43.88390864892289,44,6,Critical,2,0,14,Increase,2,5.5555555555555545,Possible,1,24.715791520677573,Possible,1
402,402,21211,2012,0.5088530275930684,1,10,Good,0,1,9,Increase,2,-15.625,Not_Likely,0,16.50170476144807,Possible,1
403,403,42109,2012,15.434551157597749,16,7,Normal,1,0,-3,Lightly_Decrease,-1,18.75,Possible,1,6.25,Not_Likely,0
404,404,51800,2012,12.439435111817215,13,8,Normal,1,1,26,Increase,2,79.16666666666667,Highly_Possible,2,77.49999999999999,Highly_Possible,2
405,405,54097,2012,7.968097199937048,8,6,Normal,1,0,12,Increase,2,25.0,Possible,1,8.0,Not_Likely,0
406,406,39163,2012,20.488771834490343,21,4,Normal,1,0,-11,Decrease,-2,0.0,Not_Likely,0,2.0,Not_Likely,0
407,407,39165,2012,64.09518504143033,65,6,Critical,2,0,59,Extremely_Increase,3,20.0,Possible,1,5.0,Not_Likely,0
408,408,39167,2012,42.77507338814599,43,8,Critical,2,0,-1,Stable,0,15.0,Possible,1,7.0,Not_Likely,0
409,409,51191,2012,8.419696040275149,9,3,Normal,1,1,14,Increase,2,12.5,Possible,1,6.25,Not_Likely,0
410,410,21231,2012,5.387587672741258,6,4,Good,0,1,3,Lightly_Increase,1,-25.0,Not_Likely,0,0.0,Not_Likely,0
411,411,39169,2012,25.460069980574175,26,5,Critical,2,-1,-12,Decrease,-2,-50.0,Not_Likely,0,3.155147249877932,Not_Likely,0
412,412,42129,2012,180.33309890489548,181,3,Critical,2,-1,-161,Extremely_Decrease,-3,-66.66666666666667,Not_Likely,0,29.072528002067454,Possible,1
413,413,21235,2012,45.16420989825842,46,4,Critical,2,-1,-39,Decrease,-2,-57.14285714285714,Not_Likely,0,0.0,Not_Likely,0
414,414,51830,2012,2.5195534480438613,3,13,Good,0,0,3,Lightly_Increase,1,23.809523809523807,Possible,1,39.52380952380952,Highly_Possible,2
415,415,39173,2012,23.161224878502587,24,6,Critical,2,0,11,Increase,2,-16.666666666666668,Not_Likely,0,6.666666666666667,Not_Likely,0
416,416,39175,2012,7.00615852421563,8,5,Normal,1,0,3,Lightly_Increase,1,6.25,Possible,1,10.0,Not_Likely,0
417,417,51197,2012,14.687815201257887,15,7,Normal,1,1,19,Increase,2,31.818181818181817,Possible,1,15.70222337106545,Possible,1
418,418,42133,2012,166.44026241141722,167,2,Critical,2,1,56,Extremely_Increase,3,41.66666666666666,Possible,1,25.000000000000004,Possible,1
419,419,54089,2012,9.195798858871674,10,6,Normal,1,0,4,Lightly_Increase,1,-18.75,Not_Likely,0,5.0,Not_Likely,0
420,420,42115,2012,6.1611094546766365,7,3,Normal,1,-1,-3,Lightly_Decrease,-1,-40.0,Not_Likely,0,4.0,Not_Likely,0
421,421,21221,2012,8.168687550743703,9,5,Normal,1,-1,-6,Decrease,-2,-66.66666666666667,Not_Likely,0,9.907750904529793,Not_Likely,0
422,422,54093,2012,7.6361993768409375,8,5,Normal,1,0,1,Stable,0,-7.142857142857142,Not_Likely,0,4.2857142857142865,Not_Likely,0
423,423,54095,2012,3.5506393095347435,4,7,Good,0,0,-1,Stable,0,4.545454545454546,Possible,1,8.18181818181818,Not_Likely,0
424,424,21229,2012,10.515608642397671,11,8,Normal,1,-1,-9,Decrease,-2,-41.1764705882353,Not_Likely,0,11.00659952281433,Possible,1
425,425,42127,2012,10.050317405686592,11,3,Normal,1,-1,-6,Decrease,-2,12.5,Possible,1,9.858708970968252,Not_Likely,0
426,426,54099,2012,8.101185936599835,9,6,Normal,1,0,3,Lightly_Increase,1,29.16666666666667,Possible,1,16.071354778065576,Possible,1
427,427,21233,2012,0.2052438127151993,1,6,Good,0,1,8,Increase,2,38.888888888888886,Possible,1,27.77777777777778,Possible,1
428,428,51193,2012,4.357944800658331,5,5,Good,0,0,-4,Lightly_Decrease,-1,-31.25,Not_Likely,0,10.314193525397789,Possible,1
429,429,54103,2012,11.488095569100865,12,8,Normal,1,-1,-6,Decrease,-2,21.428571428571427,Possible,1,19.760550420281145,Possible,1
430,430,51840,2012,8.542115602855905,9,9,Normal,1,1,26,Increase,2,-8.333333333333334,Not_Likely,0,4.166666666666667,Not_Likely,0
431,431,51195,2012,79.81812611700893,80,5,Critical,2,0,-18,Decrease,-2,-13.636363636363635,Not_Likely,0,2.7272727272727275,Not_Likely,0
432,432,21237,2012,11.212762623905764,12,9,Normal,1,0,-4,Lightly_Decrease,-1,-6.666666666666668,Not_Likely,0,2.0000000000000004,Not_Likely,0
433,433,54109,2012,12.8821814218799,13,5,Normal,1,-1,-11,Decrease,-2,0.0,Not_Likely,0,10.989866019232512,Possible,1
434,434,21219,2012,0.2044805269081809,1,3,Good,0,1,6,Increase,2,20.0,Possible,1,10.0,Not_Likely,0
435,435,21223,2012,9.573721722567175,10,6,Normal,1,0,0,Stable,0,0.0,Not_Likely,0,2.5,Not_Likely,0
436,436,51820,2012,8.963653987272735,9,8,Normal,1,0,6,Increase,2,0.0,Not_Likely,0,5.384615384615385,Not_Likely,0
437,437,54107,2012,3.777143600752976,4,7,Good,0,1,6,Increase,2,0.0,Not_Likely,0,20.670512897478034,Possible,1
438,438,21239,2012,20.371159268050786,21,10,Normal,1,0,-12,Decrease,-2,-30.555555555555557,Not_Likely,0,1.1111111111111112,Not_Likely,0
439,439,42131,2012,6.739765231884979,7,4,Normal,1,-1,-5,Decrease,-2,0.0,Not_Likely,0,10.793006360383414,Possible,1
440,440,42117,2012,1.872778254439728,2,1,Good,0,1,13,Increase,2,83.33333333333333,Highly_Possible,2,70.0,Highly_Possible,2
441,441,51199,2012,1.05935281982292,2,13,Good,0,1,6,Increase,2,53.125,Highly_Possible,2,59.999999999999986,Highly_Possible,2
442,442,39171,2012,0.0822818288911747,1,3,Good,0,1,6,Increase,2,-10.0,Not_Likely,0,4.0,Not_Likely,0
443,443,54105,2012,1.4533279088348476,2,8,Good,0,0,3,Lightly_Increase,1,-5.0,Not_Likely,0,8.049498956516615,Not_Likely,0
444,444,54021,2012,2.0226812950347264,3,7,Good,0,0,3,Lightly_Increase,1,-3.8461538461538463,Not_Likely,0,5.384615384615385,Not_Likely,0
445,445,54027,2012,6.066735700362855,7,5,Normal,1,-1,-5,Decrease,-2,-13.636363636363635,Not_Likely,0,20.425534475737493,Possible,1
446,446,39067,2012,0.3819708436640501,1,7,Good,0,1,9,Increase,2,-10.0,Not_Likely,0,5.0,Not_Likely,0
447,447,21105,2012,0.2394540521051312,1,5,Good,0,0,5,Increase,2,33.333333333333336,Possible,1,8.333333333333334,Not_Likely,0
448,448,51181,2012,5.77029941249889,6,15,Good,0,0,-3,Lightly_Decrease,-1,40.476190476190474,Possible,1,39.99999999999999,Highly_Possible,2
449,449,54041,2012,9.170597680113238,10,6,Normal,1,1,21,Increase,2,12.5,Possible,1,7.499999999999999,Not_Likely,0
450,450,51131,2012,2.196822587574572,3,4,Good,0,1,8,Increase,2,55.0,Highly_Possible,2,71.99999999999999,Highly_Possible,2
451,451,54071,2012,12.967233402196742,13,5,Normal,1,-1,-9,Decrease,-2,16.666666666666668,Possible,1,12.28038075878224,Possible,1
452,452,54073,2012,8.550433176398442,9,7,Normal,1,0,1,Stable,0,-8.333333333333334,Not_Likely,0,5.833333333333333,Not_Likely,0
453,453,54101,2012,10.931967362869141,11,4,Normal,1,0,-3,Lightly_Decrease,-1,27.777777777777782,Possible,1,4.444444444444445,Not_Likely,0
454,454,21225,2012,6.943431935609043,7,3,Normal,1,0,2,Stable,0,8.333333333333334,Possible,1,21.666666666666668,Possible,1
455,455,54091,2012,6.6515829716946255,7,6,Normal,1,0,3,Lightly_Increase,1,4.166666666666667,Possible,1,6.666666666666667,Not_Likely,0
456,456,51036,2012,3.9438001534668685,4,14,Good,0,1,5,Increase,2,32.5,Possible,1,26.80156304702645,Possible,1
457,457,51097,2012,10.220570127590538,11,11,Normal,1,0,-4,Lightly_Decrease,-1,5.882352941176472,Possible,1,7.647058823529412,Not_Likely,0
458,458,21091,2012,1.6382692894794706,2,3,Good,0,1,6,Increase,2,35.714285714285715,Possible,1,21.428571428571427,Possible,1
459,459,54043,2012,8.640544688789367,9,5,Normal,1,0,-1,Stable,0,9.090909090909092,Possible,1,6.363636363636363,Not_Likely,0
460,460,51580,2012,9.547242134578747,10,7,Normal,1,0,-3,Lightly_Decrease,-1,20.83333333333333,Possible,1,17.858555885038605,Possible,1
