,Unnamed: 0,State,County,Year,FIPS_com,Reports_Time,Drug_Use,Proportion_in_State,Reports_Time_op,Drug_Use_op,Reports_Time_so,Drug_Use_so,Reports_Time_ss,Drug_Use_ss,Reports_Time_ot,Drug_Use_ot,Neighber_County_Count,Nearest_County,NC_Drug_Use,NC_Reports_Time,Pre_Year_Drug_Use
0,0,KY,ALLEN,2011,21003.0,6,115.0,0.4065759236344352,5,16,0,0,1,1,6,17,10,21061,86.0,5,168.0
1,1,KY,BARREN,2011,21009.0,10,423.0,1.4954923104118791,6,91,3,6,1,5,7,96,13,21099,104.0,6,383.0
2,2,KY,BATH,2011,21011.0,8,89.0,0.3146544104649107,5,61,2,4,1,2,6,63,39,21069,66.0,4,81.0
3,3,KY,BELL,2011,21013.0,6,204.0,0.7212303340993459,4,117,2,8,0,0,4,117,32,21051,273.0,6,387.0
4,4,KY,BOONE,2011,21015.0,9,257.0,0.9086088032526074,5,121,3,10,1,6,6,127,36,21239,40.0,8,299.0
5,5,KY,BRACKEN,2011,21023.0,5,35.0,0.1237404984974368,3,21,1,1,1,2,4,23,43,21201,19.0,2,28.0
6,6,KY,BREATHITT,2011,21025.0,3,52.0,0.18384302633904895,2,8,1,6,0,0,2,8,33,21175,86.0,5,162.0
7,7,KY,BRECKINRIDGE,2011,21027.0,2,61.0,0.21566201166696128,1,3,1,1,0,0,1,3,10,21227,503.0,7,78.0
8,8,KY,BULLITT,2011,21029.0,10,347.0,1.2267986565317306,6,127,3,12,1,5,7,132,17,21123,34.0,3,316.0
9,9,KY,CARROLL,2011,21041.0,6,125.0,0.44193035177656,4,86,1,3,1,1,5,87,24,21103,11.0,3,99.0
10,10,KY,CARTER,2011,21043.0,7,306.0,1.081845501149019,4,141,2,2,1,6,5,147,36,21063,53.0,4,354.0
11,11,KY,CASEY,2011,21045.0,7,114.0,0.4030404808202228,4,19,2,3,1,4,5,23,34,21021,103.0,5,148.0
12,12,KY,CHRISTIAN,2011,21047.0,6,367.0,1.29750751281598,5,54,0,0,1,1,6,55,10,21107,359.0,9,439.0
13,13,KY,CRITTENDEN,2011,21055.0,3,37.0,0.13081138412586174,3,7,0,0,0,0,3,7,9,21143,21.0,1,34.0
14,14,KY,DAVIESS,2011,21059.0,7,588.0,2.0788403747569384,5,54,2,3,0,0,5,54,9,21177,186.0,7,591.0
15,15,KY,ADAIR,2011,21001.0,5,108.0,0.3818278239349479,3,15,1,1,1,3,4,18,26,21155,91.0,6,88.0
16,16,KY,BOURBON,2011,21017.0,7,57.0,0.20152024041011135,5,26,2,2,0,0,5,26,42,21049,257.0,5,161.0
17,17,KY,BOYD,2011,21019.0,9,623.0,2.2025808732543752,6,339,2,7,1,8,7,347,37,21127,39.0,3,504.0
18,18,KY,BOYLE,2011,21021.0,5,103.0,0.3641506098638855,3,36,1,1,1,2,4,38,34,21167,168.0,5,200.0
19,19,KY,CALLOWAY,2011,21035.0,4,101.0,0.3570797242354605,2,21,1,1,1,2,3,23,10,21157,60.0,5,97.0
20,20,KY,CAMPBELL,2011,21037.0,11,1015.0,3.5884744564256668,6,278,4,22,1,14,7,292,44,21191,119.0,6,852.0
21,21,KY,CLARK,2011,21049.0,5,257.0,0.9086088032526074,4,175,1,2,0,0,4,175,46,21017,57.0,7,214.0
22,22,KY,CLAY,2011,21051.0,6,273.0,0.9651758882800072,3,148,2,7,1,8,4,156,36,21189,108.0,4,208.0
23,23,KY,CLINTON,2011,21053.0,2,35.0,0.1237404984974368,2,5,0,0,0,0,2,5,24,21229,42.0,4,75.0
24,24,KY,CUMBERLAND,2011,21057.0,4,29.0,0.10252784161216193,4,8,0,0,0,0,4,8,21,21217,106.0,7,17.0
25,25,KY,ELLIOTT,2011,21063.0,4,53.0,0.18737846915326145,3,44,0,0,1,1,4,45,36,21043,306.0,7,91.0
26,26,KY,ANDERSON,2011,21005.0,8,136.0,0.4808202227328973,4,32,3,7,1,1,5,33,32,21045,114.0,7,98.0
27,27,KY,ESTILL,2011,21065.0,3,31.0,0.10959872724058688,1,9,1,1,1,1,2,10,43,21173,324.0,8,85.0
28,28,KY,BUTLER,2011,21031.0,1,66.0,0.2333392257380237,1,1,0,0,0,0,1,1,9,21213,115.0,8,102.0
29,29,KY,CARLISLE,2011,21039.0,0,0.0,0.0,0,0,0,0,0,0,0,0,6,21105,28.0,1,26.0
30,30,KY,BALLARD,2011,21007.0,1,17.0,0.060102527841612165,1,1,0,0,0,0,1,1,6,21039,0.0,0,24.0
31,31,KY,CALDWELL,2011,21033.0,4,58.0,0.20505568322432385,3,7,1,1,0,0,3,7,10,21221,0.0,0,78.0
32,32,KY,FAYETTE,2011,21067.0,11,1831.0,6.473395792823051,7,404,3,33,1,18,8,422,47,21079,52.0,5,1967.0
33,33,KY,EDMONSON,2011,21061.0,5,86.0,0.3040480820222733,4,26,1,2,0,0,4,26,10,21003,115.0,6,78.0
34,34,KY,FLOYD,2011,21071.0,8,230.0,0.8131518472688705,4,143,3,7,1,3,5,146,31,21127,39.0,3,306.0
35,35,KY,FRANKLIN,2011,21073.0,10,361.0,1.2762948559307052,6,101,2,5,2,7,8,108,35,21187,28.0,3,430.0
36,36,KY,FULTON,2011,21075.0,3,81.0,0.2863708679512109,3,11,0,0,0,0,3,11,4,21007,17.0,1,74.0
37,37,KY,GRANT,2011,21081.0,5,119.0,0.4207176948912851,3,28,1,1,1,3,4,31,37,21209,80.0,4,133.0
38,38,KY,GRAVES,2011,21083.0,4,297.0,1.0500265158211066,2,45,2,5,0,0,2,45,8,21145,516.0,6,217.0
39,39,KY,GRAYSON,2011,21085.0,6,165.0,0.5833480643450593,4,31,2,3,0,0,4,31,11,21227,503.0,7,257.0
40,40,KY,HART,2011,21099.0,6,104.0,0.367686052678098,5,16,1,1,0,0,5,16,14,21009,423.0,10,76.0
41,41,KY,HENDERSON,2011,21101.0,6,136.0,0.4808202227328973,5,9,1,1,0,0,5,9,10,21107,359.0,9,222.0
42,42,KY,HOPKINS,2011,21107.0,9,359.0,1.2692239703022803,6,73,2,2,1,1,7,74,10,21101,136.0,6,249.0
43,43,KY,JEFFERSON,2011,21111.0,14,5953.0,21.04649107300689,7,1646,6,97,1,33,8,1679,18,21029,347.0,10,5426.0
44,44,KY,JOHNSON,2011,21115.0,6,170.0,0.6010252784161216,4,102,1,4,1,1,5,103,33,21133,241.0,5,243.0
45,45,KY,KENTON,2011,21117.0,11,1104.0,3.903128866890578,5,411,4,26,1,9,7,421,42,39061,10837.0,13,1073.0
46,46,KY,KNOTT,2011,21119.0,4,91.0,0.3217252960933357,3,49,1,2,0,0,3,49,31,21133,241.0,5,284.0
47,47,KY,KNOX,2011,21121.0,6,281.0,0.9934594307937068,4,112,1,2,1,4,5,116,32,21197,116.0,5,483.0
48,48,KY,LAUREL,2011,21125.0,9,688.0,2.4323846561781863,5,303,3,5,1,17,6,320,40,21235,275.0,8,623.0
49,49,KY,LOGAN,2011,21141.0,6,157.0,0.5550645218313593,4,17,2,2,0,0,4,17,9,21183,66.0,2,111.0
50,50,KY,FLEMING,2011,21069.0,4,66.0,0.2333392257380237,2,35,1,2,1,4,3,39,39,21011,89.0,8,88.0
51,51,KY,GARRARD,2011,21079.0,5,52.0,0.18384302633904895,4,29,0,0,1,1,5,30,43,21113,341.0,6,77.0
52,52,KY,GREEN,2011,21087.0,3,29.0,0.10252784161216193,3,7,0,0,0,0,3,7,20,21169,62.0,1,59.0
53,53,KY,GREENUP,2011,21089.0,6,125.0,0.44193035177656,5,66,1,1,0,0,5,66,35,39145,826.0,9,108.0
54,54,KY,HARLAN,2011,21095.0,8,434.0,1.5343821813682164,5,224,2,7,1,72,6,296,27,21193,721.0,9,419.0
55,55,KY,HARRISON,2011,21097.0,3,47.0,0.16616581226798655,3,20,0,0,0,0,3,20,45,21191,119.0,6,106.0
56,56,KY,HENRY,2011,21103.0,3,11.0,0.03888987095633728,3,5,0,0,0,0,3,5,24,21041,125.0,6,19.0
57,57,KY,JACKSON,2011,21109.0,6,198.0,0.700017677214071,3,93,2,2,1,12,4,105,42,21065,31.0,3,145.0
58,58,KY,JESSAMINE,2011,21113.0,6,341.0,1.2055859996464555,3,217,2,4,1,5,4,222,41,21209,80.0,4,316.0
59,59,KY,LAWRENCE,2011,21127.0,3,39.0,0.13788226975428672,2,21,1,1,0,0,2,21,36,21071,230.0,8,92.0
60,60,KY,LEE,2011,21129.0,6,142.0,0.5020328796181722,4,89,2,11,0,0,4,89,37,21189,108.0,4,53.0
61,61,KY,LESLIE,2011,21131.0,6,95.0,0.3358670673501856,3,30,2,3,1,3,4,33,30,21025,52.0,3,141.0
62,62,KY,LETCHER,2011,21133.0,5,241.0,0.8520417182252077,2,114,2,6,1,26,3,140,28,21119,91.0,4,292.0
63,63,KY,LEWIS,2011,21135.0,4,53.0,0.18737846915326145,2,41,2,2,0,0,2,41,43,21205,275.0,10,59.0
64,64,KY,LINCOLN,2011,21137.0,6,143.0,0.5055683224323847,4,33,2,10,0,0,4,33,35,21113,341.0,6,64.0
65,65,KY,LIVINGSTON,2011,21139.0,1,17.0,0.060102527841612165,1,3,0,0,0,0,1,3,8,21157,60.0,5,26.0
66,66,KY,HARDIN,2011,21093.0,12,791.0,2.7965352660420715,7,104,4,13,1,4,8,108,13,21009,423.0,10,631.0
67,67,KY,LYON,2011,21143.0,1,21.0,0.07424429909846209,1,5,0,0,0,0,1,5,9,21055,37.0,3,56.0
68,68,KY,MADISON,2011,21151.0,8,368.0,1.3010429556301928,5,137,2,13,1,8,6,145,45,21203,225.0,9,465.0
69,69,KY,MAGOFFIN,2011,21153.0,7,82.0,0.2899063107654234,3,55,3,3,1,1,4,56,35,21063,53.0,4,57.0
70,70,KY,MARTIN,2011,21159.0,3,63.0,0.22273289729538626,3,39,0,0,0,0,3,39,30,54099,56.0,2,90.0
71,71,KY,MASON,2011,21161.0,5,189.0,0.6681986918861588,3,84,1,1,1,8,4,92,43,39015,213.0,8,286.0
72,72,KY,MCCRACKEN,2011,21145.0,6,516.0,1.82428849213364,5,46,1,11,0,0,5,46,8,21083,297.0,4,386.0
73,73,KY,MCCREARY,2011,21147.0,5,69.0,0.24394555418066116,4,32,0,0,1,5,5,37,40,21199,271.0,6,136.0
74,74,KY,MENIFEE,2011,21165.0,4,34.0,0.12020505568322433,3,15,0,0,1,1,4,16,38,21237,66.0,4,29.0
75,75,KY,MARION,2011,21155.0,6,91.0,0.3217252960933357,4,18,1,4,1,1,5,19,28,21001,108.0,5,133.0
76,76,KY,MARSHALL,2011,21157.0,5,60.0,0.2121265688527488,2,13,2,2,1,1,3,14,8,21139,17.0,1,76.0
77,77,KY,MCLEAN,2011,21149.0,2,40.0,0.1414177125684992,2,4,0,0,0,0,2,4,10,21219,30.0,6,65.0
78,78,KY,MERCER,2011,21167.0,5,168.0,0.5939543927876967,3,79,1,2,1,3,4,82,36,21021,103.0,5,86.0
79,79,KY,GALLATIN,2011,21077.0,3,48.0,0.16970125508219905,2,9,1,2,0,0,2,9,36,21187,28.0,3,40.0
80,80,KY,LARUE,2011,21123.0,3,34.0,0.12020505568322433,2,3,1,1,0,0,2,3,17,21029,347.0,10,74.0
81,81,KY,MUHLENBERG,2011,21177.0,7,186.0,0.6575923634435213,5,40,1,4,1,1,6,41,10,21219,30.0,6,143.0
82,82,KY,OWEN,2011,21187.0,3,28.0,0.09899239879794944,3,9,0,0,0,0,3,9,35,21077,48.0,3,35.0
83,83,KY,PENDLETON,2011,21191.0,6,119.0,0.4207176948912851,4,36,1,1,1,1,5,37,45,21097,47.0,3,97.0
84,84,KY,PIKE,2011,21195.0,9,390.0,1.3788226975428672,6,208,2,9,1,33,7,241,29,51051,104.0,7,332.0
85,85,KY,MONROE,2011,21171.0,3,48.0,0.16970125508219905,3,8,0,0,0,0,3,8,17,21123,34.0,3,114.0
86,86,KY,MONTGOMERY,2011,21173.0,8,324.0,1.1454834718048437,5,192,2,7,1,2,6,194,45,21065,31.0,3,230.0
87,87,KY,MORGAN,2011,21175.0,5,86.0,0.3040480820222733,3,62,1,2,1,1,4,63,34,21025,52.0,3,58.0
88,88,KY,NELSON,2011,21179.0,7,170.0,0.6010252784161216,4,30,2,3,1,1,5,31,21,21185,103.0,8,148.0
89,89,KY,OHIO,2011,21183.0,2,66.0,0.2333392257380237,2,6,0,0,0,0,2,6,11,21141,157.0,6,167.0
90,90,KY,OWSLEY,2011,21189.0,4,108.0,0.3818278239349479,3,55,1,14,0,0,3,55,36,21129,142.0,6,31.0
91,91,KY,POWELL,2011,21197.0,5,116.0,0.4101113664486477,3,86,1,4,1,2,4,88,39,21161,189.0,5,141.0
92,92,KY,PULASKI,2011,21199.0,6,271.0,0.9581050026515822,5,132,0,0,1,7,6,139,37,21079,52.0,5,610.0
93,93,KY,ROWAN,2011,21205.0,10,275.0,0.972246773908432,6,142,3,4,1,2,7,144,41,21135,53.0,4,343.0
94,94,KY,MEADE,2011,21163.0,5,90.0,0.3181898532791232,4,28,0,0,1,2,5,30,10,21061,86.0,5,51.0
95,95,KY,OLDHAM,2011,21185.0,8,103.0,0.3641506098638855,5,46,2,2,1,6,6,52,21,21179,170.0,7,106.0
96,96,KY,PERRY,2011,21193.0,9,721.0,2.5490542690471982,5,329,3,89,1,16,6,345,30,21095,434.0,8,599.0
97,97,KY,ROBERTSON,2011,21201.0,2,19.0,0.06717341347003712,2,11,0,0,0,0,2,11,41,21023,35.0,5,19.0
98,98,KY,ROCKCASTLE,2011,21203.0,9,225.0,0.795474633197808,6,119,2,6,1,3,7,122,42,21151,368.0,8,198.0
99,99,KY,METCALFE,2011,21169.0,1,62.0,0.21919745448117373,1,5,0,0,0,0,1,5,18,21087,29.0,3,78.0
100,100,KY,RUSSELL,2011,21207.0,3,74.0,0.26162276825172354,2,8,0,0,1,3,3,11,25,21053,35.0,2,122.0
101,101,KY,SIMPSON,2011,21213.0,8,115.0,0.4065759236344352,4,21,3,4,1,1,5,22,11,21031,66.0,1,93.0
102,102,KY,NICHOLAS,2011,21181.0,4,49.0,0.17323669789641152,2,16,2,2,0,0,2,16,44,21201,19.0,2,90.0
103,103,KY,SCOTT,2011,21209.0,4,80.0,0.2828354251369984,3,31,0,0,1,3,4,34,41,21113,341.0,6,178.0
104,104,KY,SPENCER,2011,21215.0,5,62.0,0.21919745448117373,5,6,0,0,0,0,5,6,23,21217,106.0,7,40.0
105,105,KY,TAYLOR,2011,21217.0,7,106.0,0.3747569383065229,5,46,1,1,1,4,6,50,23,21001,108.0,5,202.0
106,106,KY,WARREN,2011,21227.0,7,503.0,1.7783277355488776,5,61,2,5,0,0,5,61,10,21027,61.0,2,620.0
107,107,KY,SHELBY,2011,21211.0,3,127.0,0.449001237404985,3,15,0,0,0,0,3,15,25,21229,42.0,4,124.0
108,108,KY,WAYNE,2011,21231.0,6,173.0,0.6116316068587591,4,48,1,8,1,1,5,49,32,21021,103.0,5,229.0
109,109,KY,WHITLEY,2011,21235.0,8,275.0,0.972246773908432,5,132,2,6,1,5,6,137,37,21125,688.0,9,579.0
110,110,KY,TRIGG,2011,21221.0,0,0.0,0.0,0,0,0,0,0,0,0,0,10,21033,58.0,4,34.0
111,111,KY,WASHINGTON,2011,21229.0,4,42.0,0.14848859819692414,3,11,0,0,1,1,4,12,24,21211,127.0,3,42.0
112,112,KY,WEBSTER,2011,21233.0,2,51.0,0.18030758352483647,2,11,0,0,0,0,2,11,10,21101,136.0,6,57.0
113,113,KY,WOLFE,2011,21237.0,4,66.0,0.2333392257380237,3,34,1,1,0,0,3,34,37,21205,275.0,10,37.0
114,114,KY,TODD,2011,21219.0,6,30.0,0.1060632844263744,5,6,1,2,0,0,5,6,10,21177,186.0,7,47.0
115,115,KY,TRIMBLE,2011,21223.0,2,9.0,0.031818985327912316,2,3,0,0,0,0,2,3,22,21215,62.0,5,22.0
116,116,KY,WOODFORD,2011,21239.0,8,40.0,0.1414177125684992,4,13,3,3,1,1,5,14,37,21015,257.0,9,91.0
117,117,KY,HICKMAN,2011,21105.0,1,28.0,0.09899239879794944,1,2,0,0,0,0,1,2,6,21039,0.0,0,0.0
118,118,KY,UNION,2011,21225.0,3,73.0,0.25808732543751106,3,5,0,0,0,0,3,5,11,21033,58.0,4,0.0
119,119,KY,HANCOCK,2011,21091.0,0,0.0,0.0,0,0,0,0,0,0,0,0,11,21183,66.0,2,0.0
120,120,OH,ADAMS,2011,39001.0,10,314.0,0.4405039140315928,7,130,2,7,1,6,8,136,45,39047,117.0,4,527.0
121,121,OH,ASHLAND,2011,39005.0,8,744.0,1.0437417580875958,5,130,2,7,1,6,6,136,27,39093,248.0,8,766.0
122,122,OH,ASHTABULA,2011,39007.0,10,672.0,0.9427344911758928,7,125,2,6,1,5,8,130,18,39155,1012.0,11,571.0
123,123,OH,ATHENS,2011,39009.0,9,747.0,1.0479503942089168,7,283,1,6,1,18,8,301,31,39105,126.0,8,664.0
124,124,OH,AUGLAIZE,2011,39011.0,7,171.0,0.23989225891529414,4,41,3,3,0,0,4,41,45,39149,368.0,9,184.0
125,125,OH,BROWN,2011,39015.0,8,213.0,0.2988131646137875,6,78,1,7,1,2,7,80,45,21161,189.0,5,213.0
126,126,OH,BUTLER,2011,39017.0,11,1849.0,2.5939227294408127,7,477,3,23,1,23,8,500,41,39061,10837.0,13,1825.0
127,127,OH,CARROLL,2011,39019.0,6,98.0,0.13748211329648438,5,15,0,0,1,1,6,16,28,39067,38.0,2,57.0
128,128,OH,CLERMONT,2011,39025.0,10,890.0,1.2485620493252154,7,454,2,13,1,14,8,468,45,39165,1057.0,10,752.0
129,129,OH,CLINTON,2011,39027.0,8,360.0,0.5050363345585139,5,106,2,4,1,7,6,113,45,39023,114.0,3,455.0
130,130,OH,COLUMBIANA,2011,39029.0,7,365.0,0.5120507280940491,5,86,1,1,1,9,6,95,26,39099,2139.0,12,341.0
131,131,OH,CRAWFORD,2011,39033.0,7,174.0,0.24410089503661514,5,45,1,3,1,3,6,48,27,39041,1222.0,10,218.0
132,132,OH,CUYAHOGA,2011,39035.0,11,3754.0,5.266406666479616,7,868,3,16,1,21,8,889,16,39103,744.0,9,3556.0
133,133,OH,DEFIANCE,2011,39039.0,8,431.0,0.6046407227631099,5,72,2,6,1,5,6,77,38,39125,30.0,2,589.0
134,134,OH,DELAWARE,2011,39041.0,10,1222.0,1.7143177800847338,7,658,2,7,1,18,8,676,32,39049,5503.0,14,1774.0
135,135,OH,ERIE,2011,39043.0,11,689.0,0.9665834291967116,7,184,3,16,1,7,8,191,17,39077,266.0,7,552.0
136,136,OH,ALLEN,2011,39003.0,11,595.0,0.8347128307286552,7,174,3,11,1,5,8,179,37,39137,20.0,1,580.0
137,137,OH,BELMONT,2011,39013.0,9,425.0,0.596223450520468,6,101,2,3,1,9,7,110,31,54095,48.0,2,231.0
138,138,OH,CHAMPAIGN,2011,39021.0,5,119.0,0.16694256614573105,5,47,0,0,0,0,5,47,42,39091,284.0,7,214.0
139,139,OH,COSHOCTON,2011,39031.0,5,42.0,0.058920905698493314,4,18,1,1,0,0,4,18,25,39075,91.0,7,75.0
140,140,OH,DARKE,2011,39037.0,6,203.0,0.2847843775427177,3,56,2,9,1,3,4,59,37,39107,220.0,6,156.0
141,141,OH,FAIRFIELD,2011,39045.0,10,1204.0,1.689065963356808,7,341,2,20,1,18,8,359,37,39079,496.0,9,846.0
142,142,OH,CLARK,2011,39023.0,3,114.0,0.15992817261019612,3,12,0,0,0,0,3,12,45,39021,119.0,5,186.0
143,143,OH,FAYETTE,2011,39047.0,4,117.0,0.16413680873151704,3,52,1,4,0,0,3,52,42,39097,417.0,9,95.0
144,144,OH,FRANKLIN,2011,39049.0,14,5503.0,7.720041525209731,7,1376,6,37,1,46,8,1422,34,39041,1222.0,10,2921.0
145,145,OH,GALLIA,2011,39053.0,9,319.0,0.4475183075671277,7,159,1,5,1,16,8,175,37,54011,804.0,7,416.0
146,146,OH,GEAUGA,2011,39055.0,5,82.0,0.11503605398277265,4,21,0,0,1,2,5,23,23,39133,1309.0,10,114.0
147,147,OH,GREENE,2011,39057.0,9,840.0,1.1784181139698662,5,169,3,7,1,3,6,172,43,39015,213.0,8,964.0
148,148,OH,GUERNSEY,2011,39059.0,8,325.0,0.4559355798097696,7,76,0,0,1,14,8,90,31,39121,39.0,5,316.0
149,149,OH,HAMILTON,2011,39061.0,13,10837.0,15.202996548918382,7,2817,5,77,1,55,8,2872,41,21117,1104.0,11,13780.0
150,150,OH,HANCOCK,2011,39063.0,9,493.0,0.6916192026037429,7,138,1,3,1,4,8,142,30,39065,446.0,7,573.0
151,151,OH,HARDIN,2011,39065.0,7,446.0,0.6256839033697147,5,158,1,1,1,4,6,162,33,39063,493.0,9,326.0
152,152,OH,HOLMES,2011,39075.0,7,91.0,0.1276619623467355,5,15,1,3,1,2,6,17,22,39031,42.0,5,129.0
153,153,OH,HURON,2011,39077.0,7,266.0,0.3731657360904576,5,126,1,4,1,5,6,131,23,39139,497.0,7,240.0
154,154,OH,JACKSON,2011,39079.0,9,496.0,0.6958278387250638,7,184,1,2,1,6,8,190,37,39045,1204.0,10,632.0
155,155,OH,JEFFERSON,2011,39081.0,8,324.0,0.4545327011026626,6,83,1,3,1,11,7,94,29,39029,365.0,7,264.0
156,156,OH,KNOX,2011,39083.0,6,61.0,0.08557560113352601,5,24,0,0,1,1,6,25,25,39089,1813.0,13,31.0
157,157,OH,LAKE,2011,39085.0,12,3054.0,4.284391571504727,7,547,4,38,1,14,8,561,14,39151,2844.0,11,2726.0
158,158,OH,LICKING,2011,39089.0,13,1813.0,2.543419095984961,8,651,4,13,1,11,9,662,26,39083,61.0,6,1639.0
159,159,OH,LOGAN,2011,39091.0,7,284.0,0.3984175528183833,5,103,1,1,1,3,6,106,41,39021,119.0,5,273.0
160,160,OH,FULTON,2011,39051.0,6,118.0,0.16553968743862404,4,24,1,1,1,1,5,25,30,39137,20.0,1,65.0
161,161,OH,HIGHLAND,2011,39071.0,8,320.0,0.4489211862742347,6,152,1,5,1,4,7,156,36,39001,314.0,10,527.0
162,162,OH,LORAIN,2011,39093.0,8,248.0,0.3479139193625319,6,41,2,3,0,0,6,41,21,39005,744.0,8,232.0
163,163,OH,HOCKING,2011,39073.0,4,72.0,0.1010072669117028,3,32,0,0,1,5,4,37,30,39163,71.0,4,66.0
164,164,OH,LUCAS,2011,39095.0,10,1979.0,2.7762969613647206,7,555,2,12,1,9,8,564,22,39173,723.0,10,1995.0
165,165,OH,MAHONING,2011,39099.0,12,2139.0,3.000757554501838,7,592,4,29,1,29,8,621,25,39029,365.0,7,2309.0
166,166,OH,MARION,2011,39101.0,7,333.0,0.4671586094666255,5,115,1,2,1,6,6,121,28,39147,292.0,8,307.0
167,167,OH,MERCER,2011,39107.0,6,220.0,0.3086333155635364,5,123,1,1,0,0,5,123,37,39037,203.0,6,92.0
168,168,OH,HENRY,2011,39069.0,5,117.0,0.16413680873151704,3,17,2,4,0,0,3,17,35,39051,118.0,6,50.0
169,169,OH,LAWRENCE,2011,39087.0,3,188.0,0.2637411969361129,3,115,0,0,0,0,3,115,31,39163,71.0,4,156.0
170,170,OH,MEIGS,2011,39105.0,8,126.0,0.17676271709547992,7,75,1,1,0,0,7,75,29,39009,747.0,9,102.0
171,171,OH,MADISON,2011,39097.0,9,417.0,0.5850004208636121,6,144,2,2,1,9,7,153,41,39159,285.0,6,447.0
172,172,OH,MEDINA,2011,39103.0,9,744.0,1.0437417580875958,7,215,1,4,1,9,8,224,19,39169,614.0,12,744.0
173,173,OH,MONROE,2011,39111.0,4,15.0,0.021043180606604758,3,13,1,1,0,0,3,13,34,39067,38.0,2,2.0
174,174,OH,MONTGOMERY,2011,39113.0,12,8041.0,11.280547683847256,7,1964,4,69,1,30,8,1994,46,39109,501.0,5,7798.0
175,175,OH,MORGAN,2011,39115.0,7,41.0,0.05751802699138633,5,25,2,2,0,0,5,25,32,39119,357.0,6,107.0
176,176,OH,MORROW,2011,39117.0,8,216.0,0.3030218007351084,5,56,2,7,1,3,6,59,32,39033,174.0,7,198.0
177,177,OH,MUSKINGUM,2011,39119.0,6,357.0,0.5008276984371931,5,28,0,0,1,1,6,29,26,39031,42.0,5,225.0
178,178,OH,OTTAWA,2011,39123.0,6,244.0,0.34230240453410404,5,43,1,1,0,0,5,43,20,39033,174.0,7,231.0
179,179,OH,PERRY,2011,39127.0,8,259.0,0.3633455851407088,6,94,1,2,1,7,7,101,35,39053,319.0,9,211.0
180,180,OH,PIKE,2011,39131.0,9,151.0,0.2118346847731545,7,69,1,1,1,1,8,70,37,39141,772.0,8,251.0
181,181,OH,PORTAGE,2011,39133.0,10,1309.0,1.8363682276030413,6,179,3,6,1,4,7,183,24,39055,82.0,5,1263.0
182,182,OH,MIAMI,2011,39109.0,5,501.0,0.7028422322605987,3,93,1,5,1,1,4,94,46,39149,368.0,9,458.0
183,183,OH,NOBLE,2011,39121.0,5,39.0,0.05471226957717236,3,20,1,1,1,2,4,22,29,39167,313.0,9,5.0
184,184,OH,PAULDING,2011,39125.0,2,30.0,0.042086361213209515,2,11,0,0,0,0,2,11,36,39161,184.0,8,28.0
185,185,OH,PICKAWAY,2011,39129.0,8,477.0,0.6691731432900312,5,193,2,6,1,9,6,202,36,39141,772.0,8,463.0
186,186,OH,RICHLAND,2011,39139.0,7,497.0,0.6972307174321708,6,165,0,0,1,4,7,169,21,39077,266.0,7,617.0
187,187,OH,ROSS,2011,39141.0,8,772.0,1.0830223618865913,6,286,1,3,1,18,7,304,37,39131,151.0,9,948.0
188,188,OH,SCIOTO,2011,39145.0,9,826.0,1.1587778120703685,6,398,2,3,1,19,7,417,37,39131,151.0,9,805.0
189,189,OH,PREBLE,2011,39135.0,2,70.0,0.09820150949748883,2,17,0,0,0,0,2,17,37,39037,203.0,6,98.0
190,190,OH,PUTNAM,2011,39137.0,1,20.0,0.02805757414213967,1,2,0,0,0,0,1,2,35,39003,595.0,11,38.0
191,191,OH,SANDUSKY,2011,39143.0,6,137.0,0.19219438287365675,6,19,0,0,0,0,6,19,24,39147,292.0,8,158.0
192,192,OH,SENECA,2011,39147.0,8,292.0,0.4096405824752392,6,69,1,11,1,6,7,75,24,39143,137.0,6,225.0
193,193,OH,SHELBY,2011,39149.0,9,368.0,0.5162593642153699,5,76,3,4,1,1,6,77,46,39011,171.0,7,383.0
194,194,OH,STARK,2011,39151.0,11,2844.0,3.9897870430122615,7,318,3,14,1,5,8,323,22,39157,312.0,8,2991.0
195,195,OH,SUMMIT,2011,39153.0,12,1372.0,1.9247495861507813,7,284,4,8,1,16,8,300,21,39157,312.0,8,1380.0
196,196,OH,TRUMBULL,2011,39155.0,11,1012.0,1.4197132515922672,7,310,3,7,1,13,8,323,22,39099,2139.0,12,1159.0
197,197,OH,TUSCARAWAS,2011,39157.0,8,312.0,0.4376981566173789,7,67,1,7,0,0,7,67,26,39059,325.0,8,390.0
198,198,OH,UNION,2011,39159.0,6,285.0,0.3998204315254903,5,98,0,0,1,5,6,103,38,39097,417.0,9,171.0
199,199,OH,VAN WERT,2011,39161.0,8,184.0,0.2581296821076849,6,62,1,2,1,4,7,66,36,39125,30.0,2,149.0
200,200,OH,VINTON,2011,39163.0,4,71.0,0.09960438820459584,3,30,1,1,0,0,3,30,30,39073,72.0,4,52.0
201,201,OH,WARREN,2011,39165.0,10,1057.0,1.4828427934120816,6,284,3,15,1,14,7,298,45,39025,890.0,10,842.0
202,202,OH,WASHINGTON,2011,39167.0,9,313.0,0.43910103532448586,5,100,3,7,1,2,6,102,31,54107,381.0,6,366.0
203,203,OH,WAYNE,2011,39169.0,12,614.0,0.8613675261636878,7,136,4,6,1,5,8,141,23,39103,744.0,9,449.0
204,204,OH,WOOD,2011,39173.0,10,723.0,1.014281305238349,7,141,2,5,1,9,8,150,27,39063,493.0,9,649.0
205,205,OH,WYANDOT,2011,39175.0,4,16.0,0.022446059313711738,4,10,0,0,0,0,4,10,32,39159,285.0,6,21.0
206,206,OH,WILLIAMS,2011,39171.0,3,12.0,0.016834544485283803,2,6,1,1,0,0,2,6,29,39125,30.0,2,4.0
207,207,OH,HARRISON,2011,39067.0,2,38.0,0.05330939087006537,2,10,0,0,0,0,2,10,32,39019,98.0,6,0.0
208,208,PA,ADAMS,2011,42001.0,9,297.0,0.3421934948670976,5,52,3,6,1,2,6,54,21,42041,214.0,6,334.0
209,209,PA,ALLEGHENY,2011,42003.0,12,8004.0,9.221941861670873,7,2907,4,43,1,263,8,3170,19,42019,403.0,8,8500.0
210,210,PA,ARMSTRONG,2011,42005.0,9,406.0,0.4677796596499718,6,104,2,3,1,16,7,120,12,42031,244.0,5,344.0
211,211,PA,BEDFORD,2011,42009.0,5,158.0,0.1820423306026984,4,39,0,0,1,2,5,41,21,54027,118.0,6,150.0
212,212,PA,BERKS,2011,42011.0,10,2369.0,2.729482792391092,6,304,3,5,1,14,7,318,10,42079,1712.0,12,2146.0
213,213,PA,BUCKS,2011,42017.0,12,6735.0,7.759842383602363,7,1434,4,62,1,136,8,1570,8,42101,26969.0,15,6140.0
214,214,PA,BUTLER,2011,42019.0,8,403.0,0.4643231597018193,4,104,3,4,1,13,5,117,17,42003,8004.0,12,310.0
215,215,PA,CAMBRIA,2011,42021.0,10,655.0,0.7546691553466294,7,182,2,7,1,12,8,194,16,42047,103.0,5,483.0
216,216,PA,CAMERON,2011,42023.0,0,0.0,0.0,0,0,0,0,0,0,0,0,11,42013,607.0,10,7.0
217,217,PA,CARBON,2011,42025.0,7,306.0,0.35256299471155506,4,59,2,5,1,6,5,65,12,42077,2577.0,10,209.0
218,218,PA,CHESTER,2011,42029.0,9,2189.0,2.522092795501941,6,277,2,6,1,14,7,291,8,42011,2369.0,10,1979.0
219,219,PA,CLARION,2011,42031.0,5,244.0,0.2811286624497367,3,49,1,3,1,19,4,68,12,42005,406.0,9,221.0
220,220,PA,CLEARFIELD,2011,42033.0,4,199.0,0.2292811632274492,3,23,0,0,1,8,4,31,12,42083,184.0,8,218.0
221,221,PA,COLUMBIA,2011,42037.0,4,367.0,0.4228451603239893,3,57,1,2,0,0,3,57,12,42113,42.0,2,131.0
222,222,PA,CRAWFORD,2011,42039.0,10,381.0,0.4389754934153676,6,43,3,6,1,4,7,47,13,42049,1620.0,11,433.0
223,223,PA,DAUPHIN,2011,42043.0,10,2514.0,2.8965469565517963,6,308,2,12,1,14,8,323,12,42133,3417.0,11,2575.0
224,224,PA,DELAWARE,2011,42045.0,14,4699.0,5.414031085456201,7,966,6,30,1,92,8,1058,10,42091,625.0,8,4534.0
225,225,PA,ERIE,2011,42049.0,11,1620.0,1.8665099720023504,7,212,3,7,1,17,8,229,11,42039,381.0,10,1570.0
226,226,PA,BEAVER,2011,42007.0,7,575.0,0.6624958233958961,5,129,1,1,1,10,6,139,28,42073,377.0,10,625.0
227,227,PA,CENTRE,2011,42027.0,10,848.0,0.9770373186777735,6,47,3,6,1,11,7,58,12,42061,221.0,5,1028.0
228,228,PA,CLINTON,2011,42035.0,5,111.0,0.12789049808164252,3,9,1,1,1,5,4,14,9,42087,163.0,5,118.0
229,229,PA,BLAIR,2011,42013.0,10,607.0,0.6993651561761893,6,112,3,9,1,10,7,122,20,42033,199.0,4,662.0
230,230,PA,BRADFORD,2011,42015.0,8,170.0,0.1958683303953084,5,53,2,4,1,2,6,55,8,42113,42.0,2,145.0
231,231,PA,CUMBERLAND,2011,42041.0,6,214.0,0.2465636629682117,4,19,1,5,1,6,5,25,19,42099,306.0,7,310.0
232,232,PA,ELK,2011,42047.0,5,103.0,0.1186731648865692,4,6,0,0,1,11,5,17,8,42083,184.0,8,123.0
233,233,PA,FAYETTE,2011,42051.0,10,1007.0,1.160231815929856,6,264,3,10,1,34,7,298,18,54077,150.0,4,859.0
234,234,PA,FRANKLIN,2011,42055.0,10,706.0,0.8134296544652219,5,92,4,9,1,7,6,99,19,42087,163.0,5,755.0
235,235,PA,FULTON,2011,42057.0,6,117.0,0.13480349797794752,5,17,0,0,1,1,6,18,22,54003,856.0,9,122.0
236,236,PA,GREENE,2011,42059.0,4,140.0,0.16130333091378338,3,48,0,0,1,2,4,50,28,54049,391.0,8,179.0
237,237,PA,HUNTINGDON,2011,42061.0,5,221.0,0.2546288295139009,4,77,1,2,0,0,4,77,20,42027,848.0,10,174.0
238,238,PA,INDIANA,2011,42063.0,9,740.0,0.8526033205442836,5,140,3,8,1,10,6,150,13,42065,252.0,8,604.0
239,239,PA,JEFFERSON,2011,42065.0,8,252.0,0.2903459956448101,5,92,2,2,1,8,6,100,12,42063,740.0,9,200.0
240,240,PA,LACKAWANNA,2011,42069.0,9,1006.0,1.159079649280472,5,438,3,5,1,19,6,457,13,42025,306.0,7,1123.0
241,241,PA,LANCASTER,2011,42071.0,10,1866.0,2.149942967750856,7,441,2,5,1,18,8,459,8,42107,827.0,11,1683.0
242,242,PA,LEBANON,2011,42075.0,7,863.0,0.9943198184185359,4,89,2,5,1,8,5,97,10,42037,367.0,4,648.0
243,243,PA,LEHIGH,2011,42077.0,10,2577.0,2.9691334554629982,6,419,3,7,1,14,7,433,12,42025,306.0,7,2385.0
244,244,PA,LAWRENCE,2011,42073.0,10,377.0,0.43436682681783095,6,91,3,4,1,9,7,100,26,42007,575.0,7,301.0
245,245,PA,JUNIATA,2011,42067.0,3,28.0,0.03226066618275667,1,2,1,1,1,4,2,6,17,42099,306.0,7,40.0
246,246,PA,LUZERNE,2011,42079.0,12,1712.0,1.9725093037456936,7,438,4,8,1,25,8,463,11,42131,117.0,6,1448.0
247,247,PA,LYCOMING,2011,42081.0,9,622.0,0.7166476559169518,5,113,3,5,1,2,6,115,11,42119,42.0,4,683.0
248,248,PA,MCKEAN,2011,42083.0,8,184.0,0.21199866348668672,5,23,2,2,1,5,6,28,8,42047,103.0,5,272.0
249,249,PA,FOREST,2011,42053.0,3,31.0,0.035717166130909174,2,8,1,1,0,0,2,8,8,42123,141.0,6,23.0
250,250,PA,MERCER,2011,42085.0,7,409.0,0.4712361595981242,4,82,2,3,1,2,5,84,17,42073,377.0,10,357.0
251,251,PA,MONROE,2011,42089.0,9,977.0,1.125666816448331,6,135,2,9,1,2,7,137,11,42095,1862.0,8,737.0
252,252,PA,MONTGOMERY,2011,42091.0,8,625.0,0.7201041558651043,5,105,2,3,1,7,6,112,12,42045,4699.0,14,369.0
253,253,PA,MONTOUR,2011,42093.0,2,84.0,0.09678199854827002,2,12,0,0,0,0,2,12,11,42097,167.0,8,13.0
254,254,PA,NORTHAMPTON,2011,42095.0,8,1862.0,2.1453343011533192,5,286,2,8,1,17,6,303,11,42089,977.0,9,2009.0
255,255,PA,NORTHUMBERLAND,2011,42097.0,8,167.0,0.19241183044715587,5,39,2,2,1,8,6,47,11,42093,84.0,2,164.0
256,256,PA,PHILADELPHIA,2011,42101.0,15,26969.0,31.0727823672416,8,5712,6,102,1,144,9,5856,8,42017,6735.0,12,33513.0
257,257,PA,PIKE,2011,42103.0,8,185.0,0.2131508301360709,6,50,1,1,1,9,7,59,7,42017,6735.0,12,144.0
258,258,PA,MIFFLIN,2011,42087.0,5,163.0,0.1878031638496192,3,15,1,1,1,16,4,31,16,42035,111.0,5,141.0
259,259,PA,POTTER,2011,42105.0,8,170.0,0.1958683303953084,6,24,1,1,1,6,7,30,8,42027,848.0,10,147.0
260,260,PA,PERRY,2011,42099.0,7,306.0,0.35256299471155506,4,63,2,3,1,4,5,67,17,42041,214.0,6,160.0
261,261,PA,SCHUYLKILL,2011,42107.0,11,827.0,0.952841819040706,7,187,3,11,1,8,8,195,9,42071,1866.0,10,733.0
262,262,PA,SOMERSET,2011,42111.0,8,235.0,0.2707591626052792,5,77,2,7,1,8,6,85,17,54057,105.0,7,187.0
263,263,PA,SULLIVAN,2011,42113.0,2,42.0,0.04839099927413501,2,3,0,0,0,0,2,3,10,42015,170.0,8,18.0
264,264,PA,UNION,2011,42119.0,4,42.0,0.04839099927413501,2,13,2,4,0,0,2,13,12,42109,125.0,5,72.0
265,265,PA,VENANGO,2011,42121.0,7,310.0,0.3571716613090917,5,46,1,3,1,20,6,66,12,42019,403.0,8,291.0
266,266,PA,WARREN,2011,42123.0,6,141.0,0.16245549756316754,5,27,0,0,1,6,6,33,8,42053,31.0,3,213.0
267,267,PA,WASHINGTON,2011,42125.0,11,996.0,1.1475579827866302,7,175,3,7,1,22,8,197,24,42059,140.0,4,881.0
268,268,PA,SNYDER,2011,42109.0,5,125.0,0.14402083117302086,3,12,1,2,1,4,4,16,15,42119,42.0,4,132.0
269,269,PA,WESTMORELAND,2011,42129.0,12,1647.0,1.8976184715357232,6,404,5,10,1,30,7,434,14,42005,406.0,9,1506.0
270,270,PA,YORK,2011,42133.0,11,3417.0,3.9369534409456985,7,450,3,19,1,17,8,467,12,42043,2514.0,10,3066.0
271,271,PA,SUSQUEHANNA,2011,42115.0,6,116.0,0.13365133132856336,5,17,0,0,1,1,6,18,7,42069,1006.0,9,37.0
272,272,PA,WAYNE,2011,42127.0,7,99.0,0.11406449828903252,4,29,2,2,1,2,5,31,9,42089,977.0,9,152.0
273,273,PA,WYOMING,2011,42131.0,6,117.0,0.13480349797794752,3,27,2,4,1,1,4,28,9,42079,1712.0,12,120.0
274,274,PA,TIOGA,2011,42117.0,8,126.0,0.14517299782240506,6,17,2,2,0,0,6,17,10,42081,622.0,9,25.0
275,275,VA,ACCOMACK,2011,51001.0,7,164.0,0.5661224067106218,5,31,1,4,1,3,6,34,3,51131,67.0,1,84.0
276,276,VA,ALEXANDRIA CITY,2011,51510.0,2,123.0,0.4245918050329663,2,8,0,0,0,0,2,8,26,51013,673.0,10,427.0
277,277,VA,AMELIA,2011,51007.0,4,69.0,0.2381856467258104,4,10,0,0,0,0,4,10,24,51145,112.0,5,94.0
278,278,VA,ARLINGTON,2011,51013.0,10,673.0,2.323173047050295,6,98,3,10,1,3,7,101,25,51510,123.0,2,610.0
279,279,VA,BEDFORD,2011,51019.0,10,297.0,1.0252338706893576,7,62,2,12,1,1,8,63,21,51515,0.0,0,177.0
280,280,VA,BLAND,2011,51021.0,2,25.0,0.08629914736442404,2,5,0,0,0,0,2,5,25,54055,567.0,9,25.0
281,281,VA,BUCKINGHAM,2011,51029.0,7,144.0,0.4970830888190825,5,15,2,6,0,0,5,15,24,51003,239.0,2,136.0
282,282,VA,CAROLINE,2011,51033.0,9,260.0,0.89751113259001,7,46,1,3,1,1,8,47,31,51179,696.0,11,138.0
283,283,VA,CHARLOTTESVILLE CITY,2011,51540.0,0,0.0,0.0,0,0,0,0,0,0,0,0,26,51079,124.0,5,264.0
284,284,VA,CHESAPEAKE CITY,2011,51550.0,3,12.0,0.041423590734923535,2,7,1,1,0,0,2,7,17,51740,12.0,1,881.0
285,285,VA,CHESTERFIELD,2011,51041.0,12,1586.0,5.474817908799062,7,271,4,11,1,7,8,278,28,51053,110.0,4,1331.0
286,286,VA,COLONIAL HEIGHTS CITY,2011,51570.0,0,0.0,0.0,0,0,0,0,0,0,0,0,26,51730,0.0,0,190.0
287,287,VA,DANVILLE CITY,2011,51590.0,0,0.0,0.0,0,0,0,0,0,0,0,0,15,51143,192.0,7,332.0
288,288,VA,DICKENSON,2011,51051.0,7,104.0,0.3590044530360039,4,54,2,4,1,6,5,60,30,21195,390.0,9,103.0
289,289,VA,ESSEX,2011,51057.0,3,117.0,0.4038800096655045,3,3,0,0,0,0,3,3,26,51097,0.0,0,94.0
290,290,VA,FAIRFAX,2011,51059.0,14,3833.0,13.231385273913492,7,465,5,36,1,31,9,497,30,51600,0.0,0,3337.0
291,291,VA,ALBEMARLE,2011,51003.0,2,239.0,0.8250198488038938,2,7,0,0,0,0,2,7,26,51540,0.0,0,282.0
292,292,VA,ALLEGHANY,2011,51005.0,7,106.0,0.3659083848251579,6,35,1,1,0,0,6,35,23,51580,0.0,0,154.0
293,293,VA,AMHERST,2011,51009.0,6,168.0,0.5799302702889295,2,20,3,4,1,2,3,22,23,51680,0.0,0,411.0
294,294,VA,AUGUSTA,2011,51015.0,7,324.0,1.1184369498429356,5,35,1,5,1,1,6,36,25,51790,0.0,0,344.0
295,295,VA,BATH,2011,51017.0,4,61.0,0.21056991956919466,3,18,1,1,0,0,3,18,26,51023,199.0,8,40.0
296,296,VA,BRISTOL,2011,51520.0,0,0.0,0.0,0,0,0,0,0,0,0,0,19,51167,297.0,9,276.0
297,297,VA,BUCHANAN,2011,51027.0,7,161.0,0.5557665090268908,4,71,2,14,1,13,5,84,23,51167,297.0,9,185.0
298,298,VA,BUENA VISTA CITY,2011,51530.0,0,0.0,0.0,0,0,0,0,0,0,0,0,18,51678,0.0,0,44.0
299,299,VA,CAMPBELL,2011,51031.0,4,190.0,0.6558735199696227,3,21,1,1,0,0,3,21,23,51009,168.0,6,209.0
300,300,VA,CARROLL,2011,51035.0,7,224.0,0.7732403603852394,3,36,3,3,1,6,4,42,22,51155,592.0,9,166.0
301,301,VA,CLARKE,2011,51043.0,5,47.0,0.1622423970451172,4,12,1,1,0,0,4,12,26,54003,856.0,9,35.0
302,302,VA,CRAIG,2011,51045.0,3,35.0,0.12081880631019365,2,3,1,2,0,0,2,3,26,51141,131.0,6,69.0
303,303,VA,CULPEPER,2011,51047.0,10,528.0,1.822637992336636,7,90,3,11,0,0,7,90,28,51137,129.0,5,492.0
304,304,VA,CUMBERLAND,2011,51049.0,2,38.0,0.13117470399392453,1,2,1,2,0,0,1,2,27,51065,62.0,5,64.0
305,305,VA,DINWIDDIE,2011,51053.0,4,110.0,0.3797162484034658,4,6,0,0,0,0,4,6,28,51041,1586.0,12,131.0
306,306,VA,FAIRFAX CITY,2011,51600.0,0,0.0,0.0,0,0,0,0,0,0,0,0,30,51059,3833.0,14,148.0
307,307,VA,BEDFORD CITY,2011,51515.0,0,0.0,0.0,0,0,0,0,0,0,0,0,21,51019,297.0,10,4.0
308,308,VA,BOTETOURT,2011,51023.0,8,199.0,0.6869412130208153,5,74,2,3,1,2,6,76,24,51017,61.0,4,175.0
309,309,VA,CHARLOTTE,2011,51037.0,3,33.0,0.11391487452103975,3,4,0,0,0,0,3,4,20,51011,44.0,3,75.0
310,310,VA,EMPORIA CITY,2011,51595.0,0,0.0,0.0,0,0,0,0,0,0,0,0,22,51081,107.0,8,91.0
311,311,VA,BRUNSWICK,2011,51025.0,2,66.0,0.2278297490420795,2,5,0,0,0,0,2,5,18,51007,69.0,4,131.0
312,312,VA,FALLS CHURCH CITY,2011,51610.0,0,0.0,0.0,0,0,0,0,0,0,0,0,30,51013,673.0,10,65.0
313,313,VA,FAUQUIER,2011,51061.0,9,506.0,1.7466947426559425,7,157,1,17,1,4,8,161,29,54037,103.0,2,418.0
314,314,VA,APPOMATTOX,2011,51011.0,3,44.0,0.15188649936138632,2,4,1,1,0,0,2,4,22,51125,73.0,4,39.0
315,315,VA,FLOYD,2011,51063.0,5,123.0,0.4245918050329663,3,15,2,2,0,0,3,15,21,51121,761.0,11,78.0
316,316,VA,FLUVANNA,2011,51065.0,5,62.0,0.21402188546377166,3,9,2,18,0,0,3,9,28,51049,38.0,2,50.0
317,317,VA,FRANKLIN,2011,51067.0,8,212.0,0.7318167696503158,5,63,2,4,1,1,6,64,18,51690,13.0,1,255.0
318,318,VA,FREDERICK,2011,51069.0,11,583.0,2.0124961165383692,7,167,3,11,1,12,8,179,27,54065,64.0,6,401.0
319,319,VA,GALAX CITY,2011,51640.0,0,0.0,0.0,0,0,0,0,0,0,0,0,20,54089,35.0,5,31.0
320,320,VA,GILES,2011,51071.0,8,190.0,0.6558735199696227,5,121,2,5,1,5,6,126,25,51155,592.0,9,241.0
321,321,VA,GLOUCESTER,2011,51073.0,6,138.0,0.4763712934516207,4,13,2,5,0,0,4,13,21,51119,75.0,2,133.0
322,322,VA,GOOCHLAND,2011,51075.0,1,52.0,0.17950222651800196,1,2,0,0,0,0,1,2,28,51145,112.0,5,49.0
323,323,VA,GRAYSON,2011,51077.0,5,76.0,0.26234940798784906,3,9,2,3,0,0,3,9,19,51021,25.0,2,103.0
324,324,VA,GREENE,2011,51079.0,5,124.0,0.4280437709275433,3,5,2,2,0,0,3,5,26,51540,0.0,0,102.0
325,325,VA,HALIFAX,2011,51083.0,7,261.0,0.9009630984845871,4,34,2,5,1,6,5,40,14,51011,44.0,3,277.0
326,326,VA,HAMPTON CITY,2011,51650.0,1,23.0,0.07939521557527011,1,20,0,0,0,0,1,20,17,51735,0.0,0,775.0
327,327,VA,HANOVER,2011,51085.0,10,609.0,2.1022472297973698,7,134,2,13,1,9,8,143,30,51760,13.0,1,510.0
328,328,VA,HARRISONBURG CITY,2011,51660.0,1,10.0,0.03451965894576962,1,4,0,0,0,0,1,4,24,51165,460.0,9,48.0
329,329,VA,HENRICO,2011,51087.0,12,1161.0,4.0077324036038515,7,253,4,21,1,10,8,263,32,51670,8.0,1,1154.0
330,330,VA,HENRY,2011,51089.0,6,160.0,0.5523145431323139,3,45,2,5,1,1,4,46,16,51067,212.0,8,164.0
331,331,VA,JAMES CITY,2011,51095.0,7,215.0,0.7421726673340467,5,25,1,2,1,2,6,27,22,51830,0.0,0,237.0
332,332,VA,KING GEORGE,2011,51099.0,7,140.0,0.4832752252407746,4,32,2,4,1,2,5,34,31,51610,0.0,0,128.0
333,333,VA,KING WILLIAM,2011,51101.0,5,31.0,0.1070109427318858,4,10,1,3,0,0,4,10,30,51036,0.0,0,48.0
334,334,VA,LOUDOUN,2011,51107.0,15,996.0,3.438158030998654,8,162,6,27,1,3,9,165,28,51683,113.0,3,902.0
335,335,VA,LOUISA,2011,51109.0,9,145.0,0.5005350547136594,7,33,1,3,1,2,8,35,26,51075,52.0,1,184.0
336,336,VA,FRANKLIN CITY,2011,51620.0,0,0.0,0.0,0,0,0,0,0,0,0,0,20,51181,14.0,1,64.0
337,337,VA,FREDERICKSBURG CITY,2011,51630.0,0,0.0,0.0,0,0,0,0,0,0,0,0,31,51179,696.0,11,234.0
338,338,VA,GREENSVILLE,2011,51081.0,8,107.0,0.3693603507197349,3,11,4,4,1,2,4,13,21,51595,0.0,0,112.0
339,339,VA,HOPEWELL CITY,2011,51670.0,1,8.0,0.02761572715661569,1,2,0,0,0,0,1,2,32,51087,1161.0,12,215.0
340,340,VA,LEE,2011,51105.0,5,78.0,0.269253339777003,3,22,1,1,1,7,4,29,25,21095,434.0,8,108.0
341,341,VA,LUNENBURG,2011,51111.0,5,85.0,0.2934171010390417,3,9,1,1,1,1,4,10,22,51049,38.0,2,110.0
342,342,VA,LYNCHBURG CITY,2011,51680.0,0,0.0,0.0,0,0,0,0,0,0,0,0,22,51009,168.0,6,502.0
343,343,VA,MADISON,2011,51113.0,3,41.0,0.14153060167765544,3,6,0,0,0,0,3,6,30,51065,62.0,5,68.0
344,344,VA,MARTINSVILLE CITY,2011,51690.0,1,13.0,0.0448755566295005,1,1,0,0,0,0,1,1,17,51067,212.0,8,92.0
345,345,VA,ISLE OF WIGHT,2011,51093.0,4,137.0,0.4729193275570437,2,3,2,2,0,0,2,3,23,51830,0.0,0,169.0
346,346,VA,MECKLENBURG,2011,51117.0,8,163.0,0.5626704408160448,6,17,2,2,0,0,6,17,14,51147,236.0,9,171.0
347,347,VA,LEXINGTON CITY,2011,51678.0,0,0.0,0.0,0,0,0,0,0,0,0,0,20,51163,133.0,5,17.0
348,348,VA,HIGHLAND,2011,51091.0,0,0.0,0.0,0,0,0,0,0,0,0,0,25,54093,0.0,0,3.0
349,349,VA,LANCASTER,2011,51103.0,3,34.0,0.1173668404156167,2,8,1,1,0,0,2,8,18,51133,52.0,2,24.0
350,350,VA,MATHEWS,2011,51115.0,1,32.0,0.11046290862646277,1,2,0,0,0,0,1,2,16,51735,0.0,0,40.0
351,351,VA,MONTGOMERY,2011,51121.0,11,761.0,2.6269460457730682,6,108,4,17,1,22,7,130,23,51063,123.0,5,691.0
352,352,VA,NELSON,2011,51125.0,4,73.0,0.2519935103041182,2,4,2,2,0,0,2,4,23,51820,0.0,0,94.0
353,353,VA,NEW KENT,2011,51127.0,7,94.0,0.3244847940902344,5,19,2,2,0,0,5,19,26,51036,0.0,0,105.0
354,354,VA,NEWPORT NEWS CITY,2011,51700.0,1,48.0,0.16569436293969414,1,16,0,0,0,0,1,16,20,51073,138.0,6,1730.0
355,355,VA,ORANGE,2011,51137.0,5,129.0,0.4453036004004281,4,28,1,2,0,0,4,28,25,51047,528.0,10,156.0
356,356,VA,PAGE,2011,51139.0,7,277.0,0.9561945527978184,4,63,3,30,0,0,4,63,28,51079,124.0,5,154.0
357,357,VA,PETERSBURG CITY,2011,51730.0,0,0.0,0.0,0,0,0,0,0,0,0,0,26,51570,0.0,0,474.0
358,358,VA,POQUOSON CITY,2011,51735.0,0,0.0,0.0,0,0,0,0,0,0,0,0,17,51650,23.0,1,33.0
359,359,VA,PORTSMOUTH CITY,2011,51740.0,1,12.0,0.041423590734923535,1,3,0,0,0,0,1,3,18,51550,12.0,3,841.0
360,360,VA,MIDDLESEX,2011,51119.0,2,75.0,0.2588974420932721,2,2,0,0,0,0,2,2,20,51073,138.0,6,30.0
361,361,VA,NORFOLK CITY,2011,51710.0,1,35.0,0.12081880631019365,1,8,0,0,0,0,1,8,15,51650,23.0,1,1077.0
362,362,VA,PATRICK,2011,51141.0,6,131.0,0.45220753218958204,4,32,1,8,1,2,5,34,21,51063,123.0,5,98.0
363,363,VA,POWHATAN,2011,51145.0,5,112.0,0.3866201801926197,5,15,0,0,0,0,5,15,27,51075,52.0,1,197.0
364,364,VA,PRINCE WILLIAM,2011,51153.0,10,1748.0,6.034036383720528,7,260,2,15,1,13,8,273,34,51683,113.0,3,1551.0
365,365,VA,PULASKI,2011,51155.0,9,592.0,2.0435638095895614,6,184,2,22,1,23,7,207,24,51071,190.0,8,503.0
366,366,VA,ROCKBRIDGE,2011,51163.0,5,133.0,0.4591114639787359,4,15,1,1,0,0,4,15,20,51678,0.0,0,186.0
367,367,VA,ROCKINGHAM,2011,51165.0,9,460.0,1.5879043115054023,6,71,2,6,1,1,7,72,24,51660,10.0,1,413.0
368,368,VA,RUSSELL,2011,51167.0,9,297.0,1.0252338706893576,6,92,2,12,1,21,7,113,22,51027,161.0,7,270.0
369,369,VA,SALEM,2011,51775.0,0,0.0,0.0,0,0,0,0,0,0,0,0,22,51770,652.0,12,205.0
370,370,VA,MANASSAS CITY,2011,51683.0,3,113.0,0.3900721460871967,3,4,0,0,0,0,3,4,31,51153,1748.0,10,171.0
371,371,VA,NORTHUMBERLAND,2011,51133.0,2,52.0,0.17950222651800196,1,2,1,1,0,0,1,2,18,51103,34.0,3,32.0
372,372,VA,PITTSYLVANIA,2011,51143.0,7,192.0,0.6627774517587767,4,25,2,4,1,1,5,26,17,51590,0.0,0,182.0
373,373,VA,PRINCE EDWARD,2011,51147.0,9,236.0,0.8146639511201629,6,28,3,5,0,0,6,28,18,51029,144.0,7,183.0
374,374,VA,PRINCE GEORGE,2011,51149.0,7,180.0,0.621353861023853,5,24,1,1,1,1,6,25,32,51183,68.0,3,181.0
375,375,VA,RAPPAHANNOCK,2011,51157.0,4,70.0,0.2416376126203873,3,7,1,2,0,0,3,7,31,51187,505.0,10,51.0
376,376,VA,RICHMOND,2011,51760.0,1,13.0,0.0448755566295005,1,2,0,0,0,0,1,2,30,51085,609.0,10,2884.0
377,377,VA,ROANOKE,2011,51770.0,12,652.0,2.250681763264179,7,133,4,19,1,2,8,135,22,51067,212.0,8,1103.0
378,378,VA,SCOTT,2011,51169.0,11,391.0,1.3497186647795922,6,174,4,7,1,35,7,209,21,51720,0.0,0,353.0
379,379,VA,SHENANDOAH,2011,51171.0,12,430.0,1.4843453346680937,7,154,4,23,1,10,8,164,28,51139,277.0,7,369.0
380,380,VA,SMYTH,2011,51173.0,7,193.0,0.6662294176533536,5,21,1,1,1,11,6,32,19,51185,464.0,11,310.0
381,381,VA,SOUTHAMPTON,2011,51175.0,3,100.0,0.34519658945769616,3,9,0,0,0,0,3,9,23,51036,0.0,0,94.0
382,382,VA,SPOTSYLVANIA,2011,51177.0,12,798.0,2.7546687838724155,7,185,4,27,1,18,8,203,30,51630,0.0,0,716.0
383,383,VA,NOTTOWAY,2011,51135.0,2,112.0,0.3866201801926197,2,7,0,0,0,0,2,7,20,51007,69.0,4,89.0
384,384,VA,RADFORD,2011,51750.0,0,0.0,0.0,0,0,0,0,0,0,0,0,21,54063,19.0,3,144.0
385,385,VA,NORTON CITY,2011,51720.0,0,0.0,0.0,0,0,0,0,0,0,0,0,23,51195,578.0,9,3.0
386,386,VA,STAUNTON CITY,2011,51790.0,0,0.0,0.0,0,0,0,0,0,0,0,0,20,51015,324.0,7,186.0
387,387,VA,SUSSEX,2011,51183.0,3,68.0,0.2347336808312334,3,6,0,0,0,0,3,6,28,51149,180.0,7,59.0
388,388,VA,TAZEWELL,2011,51185.0,11,464.0,1.6017121750837102,6,167,4,18,1,16,7,183,19,51173,193.0,7,509.0
389,389,VA,VIRGINIA BEACH CITY,2011,51810.0,4,45.0,0.15533846525596326,3,8,1,1,0,0,3,8,12,51131,67.0,1,1537.0
390,390,VA,STAFFORD,2011,51179.0,11,696.0,2.4025682626255653,7,177,3,21,1,15,8,192,31,51630,0.0,0,583.0
391,391,VA,WARREN,2011,51187.0,10,505.0,1.7432427767613656,6,203,3,22,1,7,7,210,32,51157,70.0,4,427.0
392,392,VA,SUFFOLK CITY,2011,51800.0,1,6.0,0.020711795367461767,1,4,0,0,0,0,1,4,23,51093,137.0,4,245.0
393,393,VA,WASHINGTON,2011,51191.0,11,474.0,1.6362318340294797,6,114,4,7,1,18,7,132,20,51027,161.0,7,321.0
394,394,VA,WILLIAMSBURG CITY,2011,51830.0,0,0.0,0.0,0,0,0,0,0,0,0,0,24,51095,215.0,7,41.0
395,395,VA,WYTHE,2011,51197.0,10,495.0,1.708723117815596,6,144,3,9,1,6,7,150,20,51021,25.0,2,406.0
396,396,VA,WESTMORELAND,2011,51193.0,6,118.0,0.4073319755600815,4,14,2,4,0,0,4,14,23,51097,0.0,0,107.0
397,397,VA,WINCHESTER CITY,2011,51840.0,1,12.0,0.041423590734923535,1,2,0,0,0,0,1,2,29,51187,505.0,10,369.0
398,398,VA,WISE,2011,51195.0,9,578.0,1.995236287065484,6,258,2,12,1,53,7,311,23,51720,0.0,0,514.0
399,399,VA,WAYNESBORO CITY,2011,51820.0,0,0.0,0.0,0,0,0,0,0,0,0,0,24,51125,73.0,4,93.0
400,400,VA,YORK,2011,51199.0,5,233.0,0.8043080534364321,4,24,1,1,0,0,4,24,17,51740,12.0,1,215.0
401,401,VA,SURRY,2011,51181.0,1,14.0,0.04832752252407746,1,1,0,0,0,0,1,1,22,51095,215.0,7,13.0
402,402,VA,NORTHAMPTON,2011,51131.0,1,67.0,0.2312817149366564,1,2,0,0,0,0,1,2,9,51810,45.0,4,0.0
403,403,VA,CHARLES CITY,2011,51036.0,0,0.0,0.0,0,0,0,0,0,0,0,0,28,51127,94.0,7,0.0
404,404,VA,KING AND QUEEN,2011,51097.0,0,0.0,0.0,0,0,0,0,0,0,0,0,24,51057,117.0,3,0.0
405,405,VA,COVINGTON CITY,2011,51580.0,0,0.0,0.0,0,0,0,0,0,0,0,0,23,51005,106.0,7,0.0
406,406,WV,BARBOUR,2011,54001.0,1,16.0,0.17185821697099893,0,0,0,0,1,1,1,1,27,54091,1.0,1,16.0
407,407,WV,BERKELEY,2011,54003.0,9,856.0,9.194414607948444,5,244,3,15,1,15,6,259,24,51043,47.0,5,722.0
408,408,WV,BOONE,2011,54005.0,4,134.0,1.4393125671321159,3,41,0,0,1,5,4,46,29,54047,79.0,4,90.0
409,409,WV,BRAXTON,2011,54007.0,6,83.0,0.8915145005370569,3,31,2,2,1,2,4,33,35,54067,153.0,7,167.0
410,410,WV,CABELL,2011,54011.0,7,804.0,8.635875402792696,5,407,1,1,1,6,6,413,36,39053,319.0,9,517.0
411,411,WV,CALHOUN,2011,54013.0,0,0.0,0.0,0,0,0,0,0,0,0,0,33,54015,78.0,3,8.0
412,412,WV,DODDRIDGE,2011,54017.0,1,41.0,0.4403866809881847,1,1,0,0,0,0,1,1,34,54103,36.0,4,16.0
413,413,WV,BROOKE,2011,54009.0,2,8.0,0.08592910848549946,2,7,0,0,0,0,2,7,28,54029,97.0,5,9.0
414,414,WV,CLAY,2011,54015.0,3,78.0,0.8378088077336198,3,8,0,0,0,0,3,8,32,54019,125.0,4,50.0
415,415,WV,GRANT,2011,54023.0,1,20.0,0.21482277121374865,1,2,0,0,0,0,1,2,24,54071,14.0,2,95.0
416,416,WV,GREENBRIER,2011,54025.0,5,103.0,1.1063372717508055,4,68,0,0,1,1,5,69,30,54101,78.0,4,254.0
417,417,WV,HARDY,2011,54031.0,7,138.0,1.4822771213748658,6,28,0,0,1,1,7,29,26,51165,460.0,9,76.0
418,418,WV,HARRISON,2011,54033.0,5,148.0,1.58968850698174,4,37,0,0,1,2,5,39,29,54041,36.0,4,196.0
419,419,WV,JACKSON,2011,54035.0,3,197.0,2.1160042964554244,3,62,0,0,0,0,3,62,32,54005,134.0,4,116.0
420,420,WV,JEFFERSON,2011,54037.0,2,103.0,1.1063372717508055,2,14,0,0,0,0,2,14,26,51061,506.0,9,133.0
421,421,WV,LOGAN,2011,54045.0,5,348.0,3.7379162191192266,4,143,0,0,1,4,5,147,27,54079,119.0,4,307.0
422,422,WV,HANCOCK,2011,54029.0,5,97.0,1.0418904403866809,3,15,1,4,1,2,4,17,27,54009,8.0,2,152.0
423,423,WV,KANAWHA,2011,54039.0,11,1790.0,19.226638023630503,7,570,3,9,1,9,8,579,27,54109,26.0,3,1440.0
424,424,WV,FAYETTE,2011,54019.0,4,125.0,1.3426423200859292,4,43,0,0,0,0,4,43,27,54015,78.0,3,135.0
425,425,WV,MARION,2011,54049.0,8,391.0,4.199785177228787,6,93,1,1,1,8,7,101,31,42059,140.0,4,348.0
426,426,WV,MARSHALL,2011,54051.0,7,91.0,0.9774436090225564,5,44,1,2,1,1,6,45,32,54103,36.0,4,126.0
427,427,WV,MASON,2011,54053.0,4,45.0,0.4833512352309345,3,7,1,1,0,0,3,7,28,39105,126.0,8,94.0
428,428,WV,MCDOWELL,2011,54047.0,4,79.0,0.8485499462943072,3,25,0,0,1,2,4,27,24,51185,464.0,11,99.0
429,429,WV,MINERAL,2011,54057.0,7,105.0,1.1278195488721805,3,15,3,3,1,1,4,16,20,42111,235.0,8,104.0
430,430,WV,MORGAN,2011,54065.0,6,64.0,0.6874328678839957,5,35,1,1,0,0,5,35,26,51069,583.0,11,40.0
431,431,WV,NICHOLAS,2011,54067.0,7,153.0,1.643394199785177,6,60,0,0,1,1,7,61,36,54007,83.0,6,199.0
432,432,WV,OHIO,2011,54069.0,6,308.0,3.3082706766917283,5,118,0,0,1,1,6,119,28,54009,8.0,2,249.0
433,433,WV,MERCER,2011,54055.0,9,567.0,6.090225563909774,6,368,2,3,1,2,7,370,27,51021,25.0,2,587.0
434,434,WV,POCAHONTAS,2011,54075.0,6,63.0,0.6766917293233082,4,44,1,1,1,3,5,47,28,51005,106.0,7,41.0
435,435,WV,RALEIGH,2011,54081.0,9,505.0,5.424274973147154,5,183,3,5,1,5,6,188,26,54055,567.0,9,494.0
436,436,WV,RITCHIE,2011,54085.0,1,47.0,0.5048335123523093,1,3,0,0,0,0,1,3,35,54013,0.0,0,54.0
437,437,WV,ROANE,2011,54087.0,2,56.0,0.6015037593984962,1,2,1,3,0,0,1,2,31,54105,0.0,0,21.0
438,438,WV,MONONGALIA,2011,54061.0,2,105.0,1.1278195488721805,2,42,0,0,0,0,2,42,28,54091,1.0,1,337.0
439,439,WV,MONROE,2011,54063.0,3,19.0,0.20408163265306126,2,9,1,1,0,0,2,9,25,51750,0.0,0,62.0
440,440,WV,PRESTON,2011,54077.0,4,150.0,1.6111707841031149,4,17,0,0,0,0,4,17,24,42051,1007.0,10,26.0
441,441,WV,MINGO,2011,54059.0,2,45.0,0.4833512352309345,2,15,0,0,0,0,2,15,27,54043,0.0,0,180.0
442,442,WV,PUTNAM,2011,54079.0,4,119.0,1.2781954887218046,4,27,0,0,0,0,4,27,29,54045,348.0,5,188.0
443,443,WV,RANDOLPH,2011,54083.0,2,79.0,0.8485499462943072,1,7,0,0,1,10,2,17,26,54001,16.0,1,36.0
444,444,WV,UPSHUR,2011,54097.0,8,210.0,2.255639097744361,6,72,1,1,1,2,7,74,31,54049,391.0,8,253.0
445,445,WV,SUMMERS,2011,54089.0,5,35.0,0.3759398496240601,4,20,0,0,1,1,5,21,30,54067,153.0,7,59.0
446,446,WV,TUCKER,2011,54093.0,0,0.0,0.0,0,0,0,0,0,0,0,0,20,54077,150.0,4,1.0
447,447,WV,TYLER,2011,54095.0,2,48.0,0.5155746509129968,2,13,0,0,0,0,2,13,33,54021,82.0,4,57.0
448,448,WV,WAYNE,2011,54099.0,2,56.0,0.6015037593984962,2,37,0,0,0,0,2,37,32,21195,390.0,9,23.0
449,449,WV,WETZEL,2011,54103.0,4,36.0,0.3866809881847476,3,26,0,0,1,1,4,27,32,54051,91.0,7,24.0
450,450,WV,WYOMING,2011,54109.0,3,26.0,0.27926960257787325,2,9,0,0,1,1,3,10,22,51185,464.0,11,15.0
451,451,WV,WOOD,2011,54107.0,6,381.0,4.092373791621912,4,16,2,3,0,0,4,16,30,39167,313.0,9,287.0
452,452,WV,WIRT,2011,54105.0,0,0.0,0.0,0,0,0,0,0,0,0,0,33,54087,56.0,2,12.0
453,453,WV,GILMER,2011,54021.0,4,82.0,0.8807733619763695,3,6,1,2,0,0,3,6,36,54095,48.0,2,0.0
454,454,WV,HAMPSHIRE,2011,54027.0,6,118.0,1.267454350161117,5,62,0,0,1,4,6,66,26,51171,430.0,12,0.0
455,455,WV,LEWIS,2011,54041.0,4,36.0,0.3866809881847476,3,8,1,1,0,0,3,8,33,54101,78.0,4,0.0
456,456,WV,PENDLETON,2011,54071.0,2,14.0,0.15037593984962405,1,2,1,2,0,0,1,2,25,54023,20.0,1,0.0
457,457,WV,PLEASANTS,2011,54073.0,1,20.0,0.21482277121374865,1,1,0,0,0,0,1,1,32,39111,15.0,4,0.0
458,458,WV,WEBSTER,2011,54101.0,4,78.0,0.8378088077336198,4,11,0,0,0,0,4,11,35,54025,103.0,5,0.0
459,459,WV,TAYLOR,2011,54091.0,1,1.0,0.010741138560687431,1,1,0,0,0,0,1,1,27,54061,105.0,2,0.0
460,460,WV,LINCOLN,2011,54043.0,0,0.0,0.0,0,0,0,0,0,0,0,0,31,54053,45.0,4,0.0
