,FIPS,HC01_VC21,HC01_VC53,HC01_VC54,HC01_VC55,HC01_VC56,HC01_VC57,HC01_VC172,HC01_VC175,HC01_VC188,HC01_VC191,HC01_VC194,HC01_VC195,HC01_VC196,HC01_VC198,HC01_VC199,HC01_VC200,HC01_VC201,HC01_VC202,HC01_VC203,HC01_VC204,HC01_VC205,HC01_VC206,HC01_VC207,HC01_VC208,HC01_VC209
0,21001,3.06,0,46,7,90,22,28,36,4141,1337,1769,361,35,93,13,0,324,114,0,95,33,5,0,1,11
1,21003,3.03,61,79,72,168,9,136,56,1906,2274,2646,270,0,120,33,0,466,336,12,0,8,45,0,29,0
2,21005,2.95,11,52,15,118,13,236,42,2627,2708,3661,556,0,139,0,161,589,328,0,27,86,58,223,110,0
3,21007,2.84,89,75,33,123,55,17,21,819,1146,1446,94,7,123,10,10,171,87,7,2,33,0,0,26,12
4,21009,2.96,65,56,75,108,13,154,90,4942,4621,3444,531,10,260,27,1,912,1439,19,65,98,29,9,225,22
5,21011,3.21,55,69,72,138,16,26,2,1468,1081,2113,41,0,83,0,0,209,265,0,34,39,16,0,34,0
6,21013,3.19,54,67,82,115,25,104,10,2298,1144,2070,278,0,103,0,0,339,217,0,71,60,0,0,62,9
7,21015,3.27,33,51,20,89,29,1058,1650,13749,39868,21348,4437,74,1917,71,380,2135,2963,126,766,615,168,235,771,8
8,21017,2.99,64,56,61,117,15,491,61,2578,2224,2769,308,3,163,0,11,479,282,0,11,73,97,0,80,0
9,21019,2.96,47,46,32,88,17,336,77,6230,7025,9284,1018,19,280,61,234,1120,1100,23,126,160,28,12,379,135
10,21021,2.87,27,57,14,124,19,256,153,4184,3817,3622,567,10,325,23,12,1142,637,24,74,154,109,7,197,0
11,21023,3.35,48,71,7,151,28,139,0,1112,1918,1412,264,0,36,0,76,114,215,0,0,2,10,0,13,0
12,21025,3.18,50,27,0,76,0,82,19,1511,877,893,123,0,0,0,12,173,129,9,10,9,13,0,4,2
13,21027,3.1,29,44,0,120,4,68,15,2500,3291,3625,448,0,111,94,37,465,408,164,0,102,52,0,19,23
14,21029,3.05,45,49,14,104,20,213,277,7093,13349,10310,1578,14,814,13,31,804,1164,0,10,410,238,78,254,12
15,21031,2.94,30,71,0,156,13,129,0,889,739,1206,124,0,44,12,0,270,110,0,0,64,0,0,30,0
16,21033,3.27,80,84,148,159,0,127,44,1701,1631,1635,238,0,77,0,0,451,474,0,0,13,0,0,108,0
17,21035,2.8,14,39,10,71,11,293,759,4458,5359,4946,793,58,578,6,91,1225,957,59,111,255,39,34,81,54
18,21037,3.15,33,60,13,116,23,309,304,9163,35189,16559,4318,76,749,61,136,1534,1719,144,232,359,293,76,751,2
19,21039,2.94,57,36,18,57,25,0,0,590,428,647,41,0,16,2,0,74,102,0,3,11,0,0,10,0
20,21041,2.78,27,48,0,37,73,428,31,1434,1611,1469,158,0,3,17,0,237,374,0,8,9,0,15,92,0
21,21043,3.14,12,35,9,70,14,22,15,2935,3952,4217,140,0,139,0,3,541,847,0,8,8,0,0,49,0
22,21045,3.18,27,41,9,100,0,162,0,1277,1210,1227,85,7,89,38,9,254,154,0,0,61,185,0,75,19
23,21047,3.1,79,101,86,157,32,972,570,6931,8324,6889,1681,22,888,80,45,1238,1093,38,1267,324,310,4,137,267
24,21049,2.83,77,61,16,127,22,375,96,4084,3990,4577,645,0,399,0,41,788,1104,0,79,137,10,37,244,0
25,21051,3.71,89,65,30,130,26,115,54,1110,1185,2055,32,7,84,38,0,210,196,6,82,101,51,0,77,0
26,21053,3.14,55,46,0,95,21,35,0,3774,732,618,34,11,12,0,5,81,71,0,31,23,1,0,166,1
27,21055,3.09,9,32,0,87,0,73,12,1078,740,1421,105,20,31,0,0,199,125,0,0,18,22,0,43,0
28,21057,3.18,10,6,0,23,0,22,0,1357,668,622,34,0,27,0,0,27,119,3,93,19,80,0,0,0
29,21059,3.06,40,44,36,83,15,735,165,10524,12846,11474,1166,0,587,36,63,1427,1376,35,189,286,198,22,306,44
30,21061,2.92,26,41,10,95,11,28,18,1086,1000,1529,183,0,142,0,0,152,403,0,8,88,0,0,30,0
31,21063,3.01,104,54,97,127,0,124,0,728,571,926,4,0,11,0,0,100,75,0,16,0,0,16,97,0
32,21065,3.14,18,40,150,41,10,103,16,1125,1303,1629,162,14,71,0,59,78,189,0,0,7,12,0,5,0
33,21067,2.89,32,52,39,82,18,8967,6067,37475,41992,37792,8195,377,3927,436,1222,9438,8512,302,2115,1931,659,546,2680,565
34,21069,3.12,85,68,9,191,0,57,0,1946,2105,2696,376,0,6,0,42,143,278,0,16,20,70,0,31,13
35,21071,3.01,18,42,12,91,11,72,35,2870,2641,4201,237,13,99,5,39,333,559,0,3,27,21,0,142,0
36,21073,2.89,35,48,14,103,14,546,440,6540,6526,7539,950,13,542,36,150,1262,1182,0,128,152,108,26,285,33
37,21075,2.71,89,66,36,173,0,17,4,526,691,763,121,0,119,0,0,67,81,0,90,4,28,0,21,0
38,21077,3.5,61,48,11,139,0,265,0,732,1934,1341,272,2,87,37,0,223,221,1,0,51,0,0,101,0
39,21079,3.07,36,43,0,117,5,105,8,2367,2274,2804,302,0,49,23,0,434,474,0,0,90,0,0,37,8
40,21081,3.13,80,98,76,214,12,173,47,2328,6444,4600,615,0,150,7,10,377,415,37,0,62,43,0,171,0
41,21083,2.98,41,58,53,107,22,738,15,3226,3751,4737,364,0,173,27,37,780,624,0,1,180,31,36,149,52
42,21085,3.11,19,41,12,97,1,61,0,2438,2540,3248,243,0,25,26,20,380,276,0,0,115,0,7,21,0
43,21087,2.97,37,38,3,89,12,57,18,1322,1055,1085,225,0,84,0,102,195,64,0,11,26,49,12,0,0
44,21089,3.12,12,44,33,86,18,45,87,4969,6410,6739,805,18,391,2,19,1176,744,26,48,235,29,4,336,0
45,21091,3,95,68,49,178,0,68,0,976,1342,1041,119,0,7,5,32,191,175,0,0,7,20,48,0,4
46,21093,3.09,49,64,21,123,26,637,1559,11374,16349,13085,2775,86,1474,28,245,1960,2077,41,1047,260,321,91,610,446
47,21095,3.41,44,63,32,144,8,180,0,2022,1459,2828,402,0,43,9,0,250,354,0,43,20,0,6,44,10
48,21097,3.28,35,24,131,7,8,172,0,2000,3103,3051,318,0,146,28,99,411,114,0,25,0,12,0,22,0
49,21099,3.15,84,85,28,207,20,98,17,1765,1965,2506,213,8,114,18,0,167,555,0,54,45,226,0,43,0
50,21101,2.99,47,61,33,124,16,286,24,4960,7327,5644,471,0,456,0,304,857,919,38,409,158,22,37,97,9
51,21103,2.96,90,62,45,148,6,101,8,2352,2582,2611,120,0,256,9,0,258,415,10,1,75,22,25,76,1
52,21105,3.23,0,44,0,102,18,12,2,513,449,501,41,0,18,5,0,192,90,0,3,0,0,0,0,0
53,21107,3.03,23,43,4,92,16,480,183,6336,5058,5571,655,0,211,0,78,806,1007,0,111,202,20,13,124,34
54,21109,2.87,51,55,0,149,0,15,23,919,909,1368,0,0,0,0,111,73,89,0,0,32,0,0,0,0
55,21111,3.05,49,59,38,106,22,13360,10813,72977,140393,100814,19622,340,7926,736,3843,13819,12931,720,18266,3347,2977,675,3970,1541
56,21113,2.98,26,52,31,111,8,516,212,5678,7282,6765,1178,79,542,0,128,1199,1025,26,76,183,150,247,232,17
57,21115,2.82,25,69,41,124,33,16,78,2124,1661,2289,204,0,57,39,0,257,325,0,42,25,0,0,43,0
58,21117,3.14,39,65,46,120,19,1700,725,17071,55473,31769,6823,96,1976,118,330,3374,2967,139,707,530,457,12,1531,158
59,21119,3.22,44,54,24,116,17,0,31,1852,942,1187,134,0,26,7,61,271,116,0,2,77,7,0,6,0
60,21121,3.15,57,54,83,102,4,62,53,1791,2603,3878,389,0,64,0,39,686,112,0,0,134,12,7,59,0
61,21123,3.4,58,41,31,92,4,75,0,1209,1532,1678,231,0,101,0,11,247,294,0,23,0,28,11,40,0
62,21125,3.03,42,67,80,128,13,322,78,7001,5788,7291,708,0,305,0,13,798,596,0,22,28,478,80,212,6
63,21127,3.24,5,33,0,74,10,149,48,2120,1272,2757,162,0,76,0,4,356,401,0,0,33,0,0,32,0
64,21129,3.06,3,71,70,167,2,61,3,945,678,660,70,0,11,46,0,58,138,0,0,0,4,0,1,0
65,21131,3.16,20,38,0,88,8,19,0,2061,463,697,27,0,13,0,0,124,220,0,0,21,0,0,36,0
66,21133,3.21,47,51,22,99,24,8,39,2146,1475,1893,164,9,59,0,0,638,263,10,0,90,0,0,40,0
67,21135,3.27,16,49,34,99,14,48,23,1734,1617,1551,53,0,101,0,3,138,283,0,0,33,0,0,63,0
68,21137,3.07,25,43,56,94,2,32,14,1516,1668,2296,61,8,181,60,11,312,325,0,0,71,16,0,7,0
69,21139,3.08,72,62,0,172,5,39,31,986,876,1049,107,4,101,2,5,130,167,0,0,70,9,0,29,58
70,21141,2.84,51,65,67,127,16,349,1,2983,2616,2836,129,0,260,9,30,532,645,0,92,97,17,9,85,79
71,21143,2.53,7,22,0,62,0,13,0,961,1135,1293,156,3,114,0,0,178,193,0,19,33,20,3,96,0
72,21145,2.9,33,63,15,144,9,411,248,7882,10675,9071,1566,33,902,13,90,1424,1436,31,115,290,97,15,492,8
73,21147,3.02,0,35,33,77,0,77,33,1430,1429,2516,206,0,34,6,4,479,229,4,72,89,0,0,50,23
74,21149,3.05,71,65,13,129,32,18,0,835,1079,985,31,0,39,0,5,73,46,0,0,60,0,7,38,0
75,21151,2.94,35,59,33,96,26,651,476,10193,12084,13148,2152,85,929,0,257,2744,1706,67,191,392,274,184,649,64
76,21153,3.35,73,64,21,156,6,68,0,2037,531,1473,108,0,6,0,0,414,52,0,21,0,0,0,13,0
77,21155,3.16,61,73,35,160,20,254,122,2920,1160,2658,164,0,85,13,64,113,192,0,187,21,0,0,30,15
78,21157,2.93,26,44,0,107,13,100,22,3462,4371,3915,487,0,403,0,50,650,713,10,7,163,10,0,131,0
79,21159,3,0,25,0,9,44,87,8,553,648,910,68,0,17,0,61,400,11,9,59,9,0,0,15,9
80,21161,3.04,80,62,44,116,27,115,3,2010,3848,2495,257,0,50,0,0,618,457,0,0,41,66,0,26,3
81,21163,3.29,28,45,0,96,13,215,121,2790,6782,5319,550,0,307,11,15,470,622,10,20,19,34,29,147,0
82,21165,3.66,58,56,124,98,0,67,25,1007,687,1179,0,0,0,0,0,62,63,0,0,66,0,0,6,0
83,21167,3.08,28,86,0,176,45,46,26,2525,2610,2913,258,0,152,13,10,640,357,0,0,58,37,0,71,0
84,21169,2.96,31,62,9,142,20,88,36,1016,772,1146,42,0,73,0,41,274,253,0,0,0,12,0,26,0
85,21171,3.06,36,35,0,64,25,216,0,1529,980,825,65,0,176,0,11,76,268,0,0,16,52,0,14,0
86,21173,3.07,40,60,61,123,8,194,14,3764,2889,3226,478,2,136,32,9,327,362,0,104,5,0,12,43,15
87,21175,3.06,46,47,0,100,19,208,0,1670,1089,2527,119,0,21,0,0,423,177,0,18,34,4,0,25,10
88,21177,2.91,27,51,44,118,2,144,33,3442,2326,3360,304,0,135,9,31,534,431,0,29,161,70,0,110,20
89,21179,3.06,72,87,32,165,39,320,147,5980,5405,6359,860,12,481,0,35,852,692,55,53,129,22,76,272,0
90,21181,2.9,122,112,104,167,72,25,14,550,728,877,103,0,15,0,0,292,165,0,0,0,0,0,0,0
91,21183,3.28,33,68,4,150,16,219,23,1999,1659,1992,137,16,24,0,10,423,378,0,17,139,19,2,118,7
92,21185,3.18,19,45,5,108,28,935,286,7243,12730,8457,2608,133,1075,131,278,1329,1698,103,107,440,274,71,723,153
93,21187,2.81,37,99,41,202,29,73,11,1457,1731,2108,108,0,15,0,0,238,343,11,0,5,54,0,34,0
94,21189,3.48,4,33,0,46,25,2,0,576,187,692,2,0,0,0,0,42,13,0,2,0,0,0,0,0
95,21191,3.29,31,66,93,126,14,6,0,1357,4665,2159,277,0,29,0,0,233,221,0,0,55,0,0,67,0
96,21193,3.09,46,41,26,88,7,11,20,3461,1601,2429,328,0,96,0,27,716,487,4,40,136,25,0,51,45
97,21195,2.88,21,57,75,116,8,214,141,9826,5139,6846,803,0,299,48,4,1464,1105,19,34,82,13,20,204,7
98,21197,3.21,32,71,45,111,45,0,10,2218,1190,1461,205,0,27,0,0,164,339,94,88,0,0,0,25,23
99,21199,2.84,50,57,22,125,15,334,128,8544,5553,6865,788,28,323,0,5,1159,965,0,0,296,219,28,375,47
100,21201,3.94,86,184,0,506,0,0,0,210,549,478,0,0,9,0,0,6,113,0,0,0,0,0,22,0
101,21203,3.13,17,49,23,116,5,0,4,1644,966,1715,32,0,46,20,0,173,274,0,0,38,0,0,146,0
102,21205,2.95,38,68,64,101,36,227,160,2166,2725,2732,335,0,64,37,11,686,868,0,92,65,6,20,308,0
103,21207,2.92,24,36,3,66,19,168,0,4531,1694,1590,123,0,79,0,0,290,270,17,1,11,20,13,76,0
104,21209,3.01,28,45,19,104,3,451,288,5385,7140,6486,932,4,760,116,173,1005,1015,55,52,270,209,77,323,0
105,21211,3.08,35,58,26,111,27,1648,173,4669,6285,6113,728,35,419,7,78,899,823,0,111,248,91,164,262,55
106,21213,2.96,86,67,107,115,16,15,44,1817,1204,1473,101,0,113,0,0,284,470,0,8,118,16,4,98,0
107,21215,3.06,83,84,31,164,53,68,14,1911,3172,2144,260,0,178,28,0,321,157,38,14,32,25,27,155,0
108,21217,2.99,54,59,55,128,4,56,158,2708,2661,3036,169,11,185,0,26,292,334,11,36,63,189,0,40,16
109,21219,3.13,39,78,24,170,18,215,8,690,1640,1562,89,7,136,0,2,279,115,0,14,61,483,6,23,0
110,21221,2.71,0,52,0,134,7,38,0,2268,1659,1596,129,56,123,8,0,308,523,0,84,25,155,20,28,0
111,21223,2.97,20,23,0,63,0,150,9,893,1392,1437,147,0,70,0,13,212,187,0,0,9,0,0,29,0
112,21225,2.98,63,68,41,107,47,76,56,1878,1626,1281,88,0,0,34,9,125,94,0,16,44,53,0,57,37
113,21227,3.03,29,55,7,94,26,2723,2101,11961,16149,13917,2229,50,1320,96,365,3403,2607,144,292,514,121,121,634,99
114,21229,2.86,70,111,0,302,11,72,19,1418,744,1252,134,0,221,5,0,269,139,0,0,115,10,0,67,0
115,21231,2.89,50,66,0,167,0,303,0,2157,1440,2851,94,0,43,0,41,340,329,0,1,10,35,0,76,31
116,21233,3.23,47,49,41,111,0,126,13,1720,1261,1492,84,0,69,0,27,299,351,0,103,28,88,0,18,0
117,21235,3.14,29,48,74,73,14,162,37,3213,3692,5641,398,1,105,6,34,633,508,0,18,50,62,7,174,185
118,21237,3.4,12,28,0,76,0,0,10,708,434,648,55,0,2,0,0,81,78,0,0,16,0,0,57,0
119,21239,3.01,16,47,6,70,45,880,51,3566,3795,3703,686,0,304,9,130,830,868,2,0,169,12,298,121,0
120,39001,3.09,35,70,54,148,15,65,27,2645,5504,4593,281,11,86,0,17,548,439,4,0,83,323,0,328,0
121,39003,3.02,59,68,57,133,18,494,350,7430,36149,13781,4158,80,1477,63,261,1341,1694,254,1267,452,1699,78,1932,265
122,39005,3.03,32,63,47,100,37,175,318,5987,17182,6401,2548,37,1439,29,164,1136,1261,387,133,301,958,131,316,16
123,39007,3.06,34,44,31,89,16,924,245,12939,24659,16638,11124,216,5691,331,918,2259,1823,1633,131,1806,417,186,999,22
124,39009,2.98,23,32,23,43,19,77,1435,6151,13115,8690,2921,111,2129,20,447,1464,1192,502,436,338,178,167,901,71
125,39011,2.96,44,70,11,162,19,133,96,3446,23836,5829,1297,12,525,0,145,625,522,40,84,410,436,31,323,2
126,39013,2.83,40,40,31,76,16,191,167,8272,18382,12800,6738,114,5877,13,735,2160,1076,1130,182,118,164,195,1198,14
127,39015,3.23,27,40,18,92,8,3,36,3763,11772,5985,982,10,458,9,54,723,717,37,2,140,69,11,231,46
128,39017,3.12,37,56,28,106,20,5402,5448,34474,101097,50224,16929,395,6209,176,2050,5439,6364,786,2846,2149,1341,514,3183,259
129,39019,2.98,36,82,0,218,15,79,16,2904,8269,4492,1613,14,608,0,63,641,929,172,0,156,439,53,399,0
130,39021,3.02,33,56,37,133,7,177,98,4234,10595,6140,984,49,510,55,67,800,800,85,86,270,359,7,398,5
131,39023,3.02,49,51,14,116,9,1361,374,13604,34131,21037,4120,211,1636,127,255,2631,2919,179,699,1194,323,100,1137,91
132,39025,3.13,33,55,21,122,17,992,1299,21182,62972,34070,8422,288,3464,104,653,3237,4623,292,412,1387,488,372,1471,56
133,39027,2.98,65,75,69,154,14,106,28,4820,11166,7075,1270,14,272,8,40,1003,540,99,72,122,157,25,304,0
134,39029,2.95,55,65,41,143,17,513,264,15566,31875,19358,10140,41,3563,20,490,2975,3111,1482,202,617,1363,356,1940,68
135,39031,3.05,55,62,14,151,11,60,22,4252,10279,4596,1000,0,395,14,55,770,512,46,0,241,416,0,514,0
136,39033,2.88,40,48,23,96,21,73,133,5122,18724,6501,1696,11,639,28,59,674,779,96,9,170,158,34,393,57
137,39035,3.1,38,50,31,89,23,14572,19180,77229,218113,167467,118267,6555,108462,1103,21251,14932,16853,41207,13155,7762,3494,16670,8271,4413
138,39037,3.04,32,57,30,121,18,116,39,4569,20890,5515,614,8,238,86,109,639,855,5,98,170,343,23,349,13
139,39039,2.97,48,57,36,120,10,368,82,3298,15948,4852,1049,0,906,31,76,551,546,87,38,236,310,22,320,44
140,39041,3.06,23,53,11,106,31,490,3901,22642,58170,27332,13938,367,7111,207,1420,3774,5409,1104,755,1804,799,409,3575,180
141,39043,2.92,42,45,21,105,10,405,178,8549,29152,12181,6689,74,2936,12,322,1077,1419,584,301,533,250,249,875,206
142,39045,3.05,30,50,30,106,18,775,928,16044,44448,23745,6594,66,2740,23,620,2516,3278,431,804,968,787,298,2263,203
143,39047,2.95,52,83,62,164,25,184,156,2574,6299,3096,734,16,95,0,23,340,766,18,0,17,96,14,304,5
144,39049,3.14,40,59,33,94,28,19836,26926,103730,274641,164974,63926,1876,29219,1992,8911,19950,23903,5361,33178,8054,5185,3805,18707,4129
145,39051,3,36,54,22,112,24,509,53,4747,18844,4914,1107,12,2590,130,77,542,892,158,0,402,851,17,185,5
146,39053,3.04,36,47,18,114,0,53,57,2784,5027,4993,508,0,219,0,75,403,577,22,4,162,133,60,850,0
147,39055,3.16,11,52,1,145,23,137,166,12576,25036,15269,12993,657,7678,113,2085,1439,2386,1816,59,1269,1597,483,1127,51
148,39057,2.93,27,44,22,82,16,840,2330,17210,41085,21101,5182,217,3209,182,581,3052,3775,534,768,1610,561,256,1998,17
149,39059,3.08,53,62,40,132,14,129,28,4913,9044,6535,1109,45,735,39,77,1215,933,849,132,234,113,12,534,33
150,39061,3.12,42,58,31,104,22,8276,7873,60768,243544,116040,36455,1002,12086,309,6297,9945,13417,1430,20849,3816,2639,1008,5869,1229
151,39063,2.91,58,63,34,115,25,388,846,7583,31296,7595,2870,80,1839,129,285,1386,1921,193,112,306,915,37,956,9
152,39065,3.2,34,75,32,126,37,27,108,2949,9985,4847,1077,28,590,0,44,498,553,139,34,99,411,13,657,13
153,39067,3.08,51,64,61,101,38,27,7,1528,3414,2474,894,46,1025,0,80,600,316,83,12,46,42,0,120,9
154,39069,2.98,41,83,2,194,19,251,53,1972,14829,3306,870,53,1219,0,58,274,404,70,10,214,186,3,325,3
155,39071,3.01,53,55,14,116,20,191,22,4568,10643,6631,835,83,307,46,89,411,635,32,0,129,32,0,234,0
156,39073,2.94,71,59,43,126,14,84,111,2571,7200,4273,746,7,276,0,173,475,564,10,35,237,36,23,491,10
157,39075,3.92,14,77,15,136,44,84,11,2369,14811,2394,428,18,559,12,114,297,469,59,27,291,4144,30,179,16
158,39077,3.01,64,63,13,156,6,1438,110,6236,22545,8925,2699,15,1629,38,196,660,1363,403,68,251,211,94,305,2
159,39079,2.98,16,80,65,142,36,176,110,3453,5474,3736,490,0,153,16,2,539,811,26,64,47,24,0,1740,21
160,39081,2.9,26,41,29,78,16,150,137,6472,13360,11853,9368,187,5565,17,476,1754,1439,1798,39,222,137,121,1013,0
161,39083,3.07,30,51,17,103,17,93,194,8342,17451,8463,2434,34,884,24,386,1176,2306,174,25,774,761,46,939,0
162,39085,2.98,26,41,14,86,17,2517,1191,25545,59261,43065,36941,2308,16926,279,2819,4486,5753,6040,141,2724,528,1442,2589,14
163,39087,3.03,28,43,15,93,10,44,29,6930,9350,8541,1049,0,474,0,142,1060,1332,30,59,103,127,0,503,0
164,39089,3.02,53,58,27,117,24,569,952,21202,49381,26746,9822,134,3367,138,798,3262,3998,541,450,1621,574,325,3318,289
165,39091,3.01,27,62,3,146,16,109,220,4156,13247,6041,1138,26,808,38,243,885,1148,109,33,230,452,73,440,16
166,39093,3.02,41,49,31,100,19,4131,1601,31586,79910,50399,24882,706,25260,187,2815,4752,6786,10634,719,1892,1011,2533,2892,215
167,39095,3.07,47,58,33,107,20,3250,4081,34146,129643,57667,16779,539,41497,116,2219,4296,6566,1699,5045,2620,2187,886,2526,944
168,39097,3.08,32,48,46,112,6,195,182,4254,12966,6518,1713,0,652,5,104,491,886,179,198,125,507,136,550,48
169,39099,2.99,48,54,33,106,20,2763,1045,21106,51897,40241,45110,471,11442,101,1728,3942,3623,16991,4358,2331,984,3142,5127,317
170,39101,2.93,62,51,40,101,14,276,173,6438,19341,10315,2482,77,956,0,109,1175,1022,58,144,255,196,26,907,54
171,39103,3.06,23,55,20,125,24,438,868,19842,54503,30351,18503,408,18004,296,2023,3036,4254,7442,151,1507,1662,2441,1871,42
172,39105,3,35,36,10,77,11,86,0,2308,6011,3184,448,0,339,0,63,426,296,6,4,7,16,0,449,0
173,39107,3.07,56,81,8,185,28,114,145,2542,23755,3158,614,17,615,11,44,279,545,61,0,102,157,4,295,0
174,39109,2.94,22,45,7,101,16,315,787,10119,35020,13472,2435,98,1926,137,148,1935,2341,150,295,772,481,236,1146,42
175,39111,2.94,23,49,0,144,0,5,7,1522,5248,1976,386,41,329,4,76,224,214,10,0,65,568,0,95,0
176,39113,2.93,45,53,26,103,17,3793,6306,46597,132378,70101,19211,1223,11810,356,1968,8509,10035,1205,5228,3942,1940,713,4732,852
177,39115,2.81,55,51,28,120,7,33,44,1655,3083,1736,237,0,173,0,30,289,401,35,63,40,89,8,123,0
178,39117,3.06,68,78,35,169,28,119,122,4871,10515,5516,1351,16,449,0,101,808,1013,21,39,148,298,33,575,0
179,39119,2.96,38,59,31,112,24,212,236,9008,20291,13010,2683,62,1231,15,245,1571,1740,207,124,585,89,115,841,6
180,39121,2.96,27,29,0,76,0,23,18,1114,3368,1687,388,0,370,28,3,282,95,367,87,74,30,221,67,0
181,39123,2.69,52,61,59,123,22,322,123,3947,17168,5243,1697,38,2618,0,55,672,775,714,1,402,361,106,371,0
182,39125,3.02,70,72,43,182,1,77,49,1837,7514,2202,229,0,278,11,24,159,357,3,0,38,178,0,194,0
183,39127,3.05,71,67,79,129,16,16,58,3650,9070,4755,1305,14,314,0,6,462,488,67,46,101,67,11,430,0
184,39129,3.05,50,66,37,137,26,70,94,6132,15267,7621,1868,16,917,21,82,870,903,73,250,258,182,29,728,38
185,39131,3.11,40,41,10,66,32,43,89,3313,5505,4117,261,7,265,15,2,501,427,7,3,41,190,0,127,0
186,39133,3,24,43,16,75,22,294,1218,18190,48394,27419,18595,509,10530,38,1579,3007,5135,3735,318,1606,1039,809,3040,138
187,39135,3.04,18,47,7,105,17,66,105,4570,13634,6539,1081,20,450,5,62,789,1064,45,0,162,80,4,213,16
188,39137,3.08,42,62,39,127,22,318,33,1884,21970,2553,692,10,303,1,75,207,341,43,0,2,589,34,290,2
189,39139,2.98,49,65,37,140,17,315,91,15997,38571,16177,4709,212,2427,20,270,2668,2489,276,990,688,1839,114,1350,188
190,39141,3.05,51,64,8,139,23,868,344,7718,21105,11964,1886,30,811,21,138,1651,1674,201,132,442,118,28,962,247
191,39143,2.91,48,60,14,143,11,960,279,5849,24887,6944,2294,10,2124,64,87,533,1105,147,45,166,329,59,419,85
192,39145,3.17,49,55,41,95,26,363,167,8334,17774,11797,1759,11,570,12,10,962,1146,0,56,169,171,6,1085,102
193,39147,2.95,35,43,13,96,8,359,195,4464,26115,5765,2640,16,1354,0,69,440,614,156,0,245,442,24,459,15
194,39149,3.09,22,45,23,108,4,146,317,3734,19601,5168,998,25,407,0,94,415,717,13,157,196,139,75,197,0
195,39151,3.01,43,54,27,108,20,1611,1490,37929,124913,58621,37977,629,10747,530,2062,7579,7508,4452,4516,2858,6451,1188,6457,222
196,39153,3.04,37,50,25,96,21,2310,6576,55804,131755,80506,52890,1465,25897,556,4958,9387,11244,10043,3658,4209,2883,2627,6552,545
197,39155,3,41,46,38,94,13,483,627,20761,43840,29079,28589,683,10103,35,1610,3547,3699,8407,471,1582,1089,1717,4684,70
198,39157,3.06,33,53,14,116,16,822,55,10211,33814,14744,6896,37,2070,0,270,1960,2101,446,2,677,3930,79,1274,15
199,39159,3.17,30,56,34,120,14,112,787,6288,17024,8246,2347,9,980,9,114,1118,1156,132,153,277,372,60,1260,48
200,39161,3.02,28,42,15,77,24,168,52,3157,12822,3832,644,72,498,0,51,458,363,0,8,116,227,5,479,0
201,39163,2.93,79,82,92,158,23,75,14,963,2255,1709,75,6,121,0,0,269,335,49,0,3,65,0,236,0
202,39165,3.13,41,59,28,125,26,1323,4444,23412,59159,31073,10273,222,5273,134,1580,3372,4771,484,545,1470,643,578,1822,72
203,39167,2.92,42,50,11,121,6,50,364,7030,17069,9590,1694,0,815,0,257,1264,1327,101,70,306,99,40,640,26
204,39169,3.13,30,56,11,117,22,437,460,10415,38092,14251,5304,129,2551,72,606,1838,2355,754,234,1128,6756,225,1006,114
205,39171,2.9,55,64,21,137,22,243,30,3951,16479,4416,916,19,572,0,77,370,559,63,113,225,337,8,258,9
206,39173,2.96,16,40,11,69,21,824,1250,12322,49214,17835,5806,179,8785,67,751,1592,2942,859,438,661,1044,209,1295,88
207,39175,2.93,37,79,18,166,31,160,208,1663,9510,2678,716,36,200,0,32,186,358,1,23,207,402,14,110,0
208,42001,2.97,33,52,17,113,19,2107,498,9722,38648,14257,5379,169,3399,181,734,1719,1733,364,118,557,389,387,835,219
209,42003,2.97,27,48,19,81,26,4208,19193,96323,339723,244557,205443,8720,115632,934,22771,29702,24239,48868,11230,10743,4130,13282,15352,2682
210,42005,2.83,49,52,11,122,16,102,75,6170,28093,13649,7453,272,5041,31,543,2333,1402,2944,26,540,178,619,585,5
211,42007,2.91,35,52,23,112,17,396,541,16969,52632,33208,29965,455,12941,125,1982,6395,3154,5656,272,1339,365,2740,2187,303
212,42009,2.95,54,56,23,125,21,76,46,4119,20873,5781,1725,93,935,10,171,824,707,378,16,174,411,197,708,32
213,42011,3.07,40,53,32,103,21,19052,3322,24991,149963,52244,41468,1946,25844,336,3496,4546,4739,3838,954,2612,3088,3073,6022,3052
214,42013,2.91,34,47,24,98,13,263,490,9905,53030,24796,14852,155,5230,132,464,3229,2005,1141,133,993,452,488,1621,83
215,42015,3.02,49,57,34,133,13,288,147,10282,14641,10278,4384,174,2343,19,203,1079,1273,255,76,644,238,504,1600,32
216,42017,3.2,21,45,5,97,22,7289,11810,66976,171891,165252,97925,5139,50389,1483,18294,10684,11684,4531,2800,5771,2167,11151,8437,1967
217,42019,2.97,31,49,10,111,19,326,1031,17307,77783,38987,24051,787,13120,101,2453,7960,5007,5774,246,1332,604,2229,2793,120
218,42021,2.9,34,44,20,84,19,606,540,11333,49017,27296,17216,662,16228,59,2009,2732,2470,10351,223,846,350,1297,2501,213
219,42023,3.07,30,35,19,102,0,17,9,545,1728,728,705,49,238,0,20,113,114,73,0,304,40,2,67,0
220,42025,2.93,50,51,20,118,15,161,222,3549,21219,10805,7188,620,4956,209,1065,583,478,4025,132,404,48,735,1346,159
221,42027,2.92,13,36,8,56,26,608,5147,12959,41672,20697,11747,626,7552,246,2941,3056,3416,2573,595,2187,981,1311,2082,453
222,42029,3.15,20,54,8,104,35,14016,10191,67175,116117,118825,77122,2925,26166,715,7764,12512,12940,4396,1726,4953,2890,4297,8291,1313
223,42031,2.94,31,47,8,103,8,55,129,2886,17539,6201,2736,131,1280,29,203,1537,1159,159,24,425,129,125,342,75
224,42033,2.89,50,58,26,133,16,361,268,9097,19677,10394,6306,511,5390,20,517,1608,2149,2686,212,2477,207,602,1241,56
225,42035,2.89,20,35,16,67,10,85,114,2753,14764,5401,3586,146,1248,5,204,709,433,276,62,452,357,109,406,76
226,42037,2.89,30,46,30,90,12,167,239,6680,24585,8360,5295,517,4416,77,709,711,988,904,77,463,113,756,1719,55
227,42039,2.95,33,50,18,113,12,180,206,10194,29884,15457,6649,326,5360,88,696,3446,1946,1166,135,1892,1005,549,1293,70
228,42041,2.87,17,42,4,84,21,1419,3389,19750,85869,37844,18412,989,9429,227,1783,6445,5158,2126,1033,1932,2294,1202,3740,518
229,42043,3.04,54,64,46,125,18,4874,4809,17478,82595,31371,20723,1487,9469,283,2637,4886,3538,2140,2535,1753,1723,1562,3894,1184
230,42045,3.21,31,53,13,91,35,4696,14890,50662,88127,160014,97736,3232,25942,745,7963,9793,8623,2125,11260,3838,1190,5190,6359,6530
231,42047,2.9,52,42,35,115,2,25,39,1951,15470,4679,6826,162,2557,65,132,532,189,186,0,2363,632,50,117,5
232,42049,3.08,41,53,34,90,26,1906,1682,24447,87581,51037,37830,1006,35481,1030,4069,6729,4761,5431,3744,6698,631,2428,2488,522
233,42051,2.97,39,43,33,93,9,258,450,13882,34860,24547,18464,238,12696,46,2362,2982,2054,8693,680,583,350,503,1412,163
234,42053,3.33,44,51,65,110,14,47,0,634,2693,1044,382,12,356,0,57,186,83,77,85,200,4,5,48,1
235,42055,3.02,32,62,12,115,34,1896,899,11177,55012,18792,6430,238,3448,104,519,4160,2810,511,298,1099,1692,309,1167,376
236,42057,2.95,46,53,12,118,18,31,20,1165,5584,2075,410,13,230,22,20,259,173,16,7,62,34,26,99,4
237,42059,3.01,26,48,14,86,28,177,53,4699,10133,7069,3692,146,2372,21,690,1828,789,1097,155,195,150,158,357,98
238,42061,2.95,52,50,7,125,8,163,99,3397,17085,7885,2463,55,1174,26,305,1255,737,295,89,316,161,174,630,128
239,42063,2.91,31,46,18,84,20,222,629,7605,28954,17915,9979,197,6605,74,970,3454,2109,4003,146,1048,291,686,1455,119
240,42065,2.98,21,44,24,98,11,60,62,4093,15956,6792,5383,258,1893,11,206,1289,1169,720,29,1083,145,88,544,42
241,42067,3.08,23,48,47,97,13,214,39,1626,11359,3283,720,101,392,20,116,559,401,94,3,215,575,38,219,33
242,42069,2.96,29,41,11,76,21,3112,1663,16072,39425,58291,52248,3947,38278,492,9288,1912,2572,7070,213,1108,697,3955,12913,242
243,42071,3.11,34,61,17,120,26,11721,7070,41833,198379,59256,29665,1176,15390,424,3738,9404,7775,2256,1931,4364,17865,2308,5952,1360
244,42073,2.96,32,47,23,106,11,381,280,7847,25671,15612,24257,153,7842,20,815,4725,2087,2009,156,804,262,303,2073,44
245,42075,2.94,44,57,25,121,17,3031,1060,7537,56763,15125,8626,493,3763,213,680,2083,1689,1417,334,1032,2671,568,1199,186
246,42077,3.08,47,56,27,112,19,18345,5039,18728,97444,43033,34211,1283,16681,1007,4290,3401,4111,9096,1152,2654,1378,5070,6724,2687
247,42079,2.95,40,49,24,101,16,6330,1382,21864,59775,64223,54492,10550,74041,298,10166,2227,3240,18475,744,1509,600,3648,16183,640
248,42081,2.89,41,53,36,97,22,299,331,10058,46550,16606,10625,153,5691,74,606,1587,1988,375,70,1241,376,505,1734,169
249,42083,2.91,73,78,4,197,16,179,104,4607,13080,7555,5700,44,2033,16,161,888,971,288,93,3942,276,84,426,71
250,42085,2.92,30,46,17,81,30,334,399,12276,35749,19697,15346,254,6463,87,822,4946,2892,4832,444,1420,542,397,1889,292
251,42087,2.98,29,48,59,101,7,66,137,3638,17799,6224,1488,199,796,9,200,1135,760,157,18,208,735,205,481,15
252,42089,3.15,32,50,14,104,28,3327,1701,11700,39132,28857,27635,674,11373,417,2533,2040,2335,1458,1779,1464,310,1151,2350,4162
253,42091,3.09,21,49,8,94,29,10466,28982,75412,188986,180697,123076,5120,56060,1745,28076,13579,13866,5944,3918,6087,3458,9388,9531,5751
254,42093,2.95,45,67,5,174,5,150,181,1964,6894,2373,1000,160,893,39,86,242,372,182,37,120,155,127,467,0
255,42095,3.04,37,51,27,97,26,6366,3302,24421,85874,43672,44623,1257,16847,1870,3203,3158,4169,6908,1079,2094,1243,4152,6013,1403
256,42097,2.79,35,53,21,122,11,445,137,5699,35599,11319,7964,831,11484,76,846,889,1323,975,12,351,359,1531,1462,44
257,42099,2.9,35,57,16,128,22,168,0,2910,21294,6785,2240,178,1202,40,273,907,773,231,36,327,407,173,583,29
258,42101,3.5,46,53,46,79,23,53763,66980,45854,120280,191884,125486,5065,55133,3425,25809,9663,8590,2546,28161,3993,1653,13520,4815,26436
259,42103,3,40,38,5,106,12,645,295,5673,14808,13291,12802,209,5072,268,1269,561,1280,367,274,412,253,600,665,347
260,42105,2.88,46,63,24,124,34,32,3,2371,5351,2552,1089,36,896,21,39,367,306,151,16,361,229,90,247,1
261,42107,2.87,53,56,20,119,21,1247,548,7458,49606,29999,14846,7952,17091,149,1872,773,1048,5111,182,615,772,4521,4539,387
262,42109,3.08,45,78,7,173,24,150,124,2345,18742,3708,1808,169,942,96,133,375,470,209,20,286,975,133,577,33
263,42111,3.02,37,47,10,103,19,198,160,6104,32844,9063,5749,137,5017,27,702,1040,1453,2332,47,284,842,492,1118,31
264,42113,3.16,26,38,36,62,25,43,21,724,2473,1341,593,44,553,6,100,178,104,24,12,63,51,19,78,0
265,42115,2.93,34,39,40,85,10,95,122,8586,10570,9416,4319,456,3877,172,962,752,1096,960,52,375,175,293,2050,59
266,42117,2.7,57,59,12,125,25,55,98,6998,11211,5822,1993,77,2141,89,178,952,1073,103,26,818,250,149,1028,36
267,42119,2.77,24,45,22,81,29,771,522,4084,17020,4697,3220,200,1897,51,581,586,681,176,413,674,1094,379,545,250
268,42121,2.9,36,48,13,111,13,57,94,6422,20866,9687,4090,130,3101,22,307,2211,1594,456,61,1004,250,302,797,23
269,42123,2.84,39,60,61,128,14,49,118,6413,12208,6268,3818,74,2822,29,317,1173,802,336,21,5132,381,141,489,4
270,42125,2.98,28,47,11,103,19,316,720,24791,56311,39130,39586,1295,22266,269,4557,10979,4259,8670,375,1295,593,1557,2387,64
271,42127,3.06,29,41,0,93,23,481,114,6692,17139,12562,6987,471,5502,96,972,826,1250,897,213,417,171,245,1400,56
272,42129,2.87,29,42,12,90,19,841,1647,37910,118895,66717,70710,2033,38313,191,5416,10601,8417,23712,1466,4185,812,3175,4079,363
273,42131,2.95,44,54,10,116,21,82,56,3878,7357,5660,3283,898,3985,8,577,368,533,753,52,246,125,125,1802,6
274,42133,2.99,37,49,24,108,14,6438,3351,37581,180401,56275,26104,1275,14875,386,2642,8685,7343,1424,1769,3167,2747,1670,5008,1546
275,51001,2.99,26,37,0,83,12,1543,82,3940,2704,2266,904,38,428,52,36,519,419,102,2003,139,15,36,233,167
276,51003,3.1,20,43,27,64,30,1962,2548,15954,14129,12125,5237,266,3059,227,1499,3775,3713,213,587,1148,317,263,1312,199
277,51005,2.8,54,49,0,131,9,79,20,1657,2525,2321,360,0,100,0,44,612,282,0,26,55,34,1,203,24
278,51007,2.9,41,26,53,53,0,167,34,1927,1148,1060,253,0,104,0,9,156,70,0,166,9,34,12,160,17
279,51009,2.92,40,46,20,95,20,205,88,3835,3297,3052,595,46,432,0,189,1207,840,112,292,221,97,45,150,26
280,51011,2.89,73,56,0,140,0,19,0,1745,1104,1265,533,0,127,204,0,211,332,11,57,43,58,119,1,0
281,51013,2.98,12,45,27,46,47,8540,9867,22636,27358,27107,11760,803,6675,702,3973,5429,5686,643,5262,2862,751,1534,1615,851
282,51015,2.95,35,43,14,91,22,444,150,8617,14288,6419,1700,91,847,34,456,3344,1832,85,38,522,215,226,296,183
283,51017,2.72,0,42,0,154,0,34,0,399,502,284,55,0,0,12,0,716,38,0,10,63,0,0,0,57
284,51019,2.91,37,40,21,106,10,255,406,10570,9536,8060,2205,74,899,25,165,2165,1902,408,109,509,106,39,495,1
285,51021,2.72,0,26,0,66,0,6,3,296,975,993,138,0,44,0,177,221,71,0,0,54,0,14,21,0
286,51023,2.94,35,34,28,82,13,36,135,3964,4821,3110,452,28,379,0,94,1305,736,0,20,138,30,29,253,2
287,51025,3.05,59,62,129,107,7,96,18,1530,1033,900,146,0,8,17,2,162,164,0,2006,20,0,0,27,79
288,51027,3.05,95,55,39,133,4,46,17,1052,1330,2444,248,0,55,0,26,518,282,0,18,25,6,5,1,0
289,51029,2.5,126,82,0,199,0,52,27,1564,922,564,314,16,39,0,0,282,72,23,4,29,0,7,115,0
290,51031,2.99,40,48,25,108,13,222,277,6872,6076,6477,1686,144,428,136,106,1722,1174,16,90,248,52,0,227,93
291,51033,3.02,47,62,17,108,35,213,130,3232,3362,3068,861,30,321,37,139,489,333,69,173,173,33,13,206,48
292,51035,2.86,60,61,100,108,23,433,21,3222,2707,2752,418,0,276,19,0,581,779,0,11,77,44,14,140,0
293,51036,3.26,29,19,0,67,1,0,2,539,443,545,161,2,46,0,0,206,111,0,49,65,8,7,53,51
294,51037,3.28,28,62,22,140,24,62,3,1636,1104,856,256,90,51,19,52,336,182,0,57,182,0,0,48,11
295,51041,3.19,26,48,8,106,20,7698,7032,47177,41456,34820,14302,392,6293,640,1351,8342,8205,745,3423,2276,621,775,2440,1810
296,51043,2.89,44,32,0,73,19,253,98,2733,3198,2531,456,56,239,14,167,532,472,46,11,70,15,30,60,2
297,51045,2.96,24,15,0,40,0,8,0,1067,1195,688,51,0,84,0,1,477,166,0,0,16,10,0,151,0
298,51047,3.28,47,53,0,125,16,1531,148,7226,8395,6236,1618,33,621,53,101,1029,994,109,322,416,124,77,424,264
299,51049,2.91,8,35,0,89,0,2,0,1070,623,751,144,0,171,59,0,597,133,0,180,52,0,0,28,0
300,51051,3.17,59,55,50,129,5,0,6,1273,1703,2043,51,0,17,63,9,572,407,0,0,103,36,0,76,1
301,51053,3.27,8,21,15,39,11,200,43,4357,1768,1851,555,0,124,36,13,400,574,21,336,94,45,7,147,8
302,51057,3.05,21,21,23,50,0,125,27,1296,1176,1412,159,0,124,0,8,124,170,0,178,164,25,0,60,19
303,51059,3.25,20,56,12,98,34,63100,116797,108646,134505,118998,56638,3407,30080,2179,14680,22343,27159,3857,33506,9593,3840,4419,8067,3866
304,51061,3.29,27,44,16,107,16,1263,550,9787,11744,9773,3604,60,1675,262,138,2383,2357,281,824,925,350,122,763,61
305,51063,3.06,4,39,10,109,3,58,113,1561,2023,1837,338,15,577,0,81,686,447,0,15,84,0,0,179,3
306,51065,3.09,37,50,40,63,42,95,110,4184,4131,3051,993,125,303,27,294,407,637,83,17,253,66,23,73,10
307,51067,2.65,55,66,14,159,20,542,199,6940,7241,5974,1369,19,859,129,142,1878,1288,75,39,265,232,116,283,24
308,51069,3.05,44,60,33,130,19,1981,703,11622,17579,11088,4085,121,1553,261,348,1730,2119,113,49,725,115,66,606,22
309,51071,2.89,41,59,19,145,13,65,25,2021,2381,2361,296,28,158,43,36,692,458,0,8,186,26,0,35,0
310,51073,3,39,40,20,94,11,114,216,8459,5441,5105,1996,50,709,217,242,1269,1696,13,65,656,110,272,339,34
311,51075,2.64,61,96,2,194,69,180,20,3736,2568,2033,588,33,569,0,160,623,728,2,88,64,81,26,222,17
312,51077,2.86,0,22,38,36,8,159,0,2123,2078,1602,225,0,42,0,2,349,448,38,1,65,61,0,109,0
313,51079,3.18,11,23,0,44,13,534,134,2143,2232,1953,775,15,312,0,31,350,401,0,79,299,40,15,75,45
314,51081,3.08,95,69,73,130,25,227,52,805,349,284,34,0,83,0,0,58,197,30,1211,5,20,0,10,4
315,51083,3.04,28,50,30,103,19,228,57,3312,2285,1499,340,24,116,0,21,573,258,0,258,190,95,17,132,48
316,51085,3.06,21,42,6,90,26,630,836,18143,14675,12820,4158,215,2550,183,533,3975,3140,283,354,803,200,192,921,127
317,51087,3.05,38,54,18,103,22,6272,10458,38841,33288,31012,11641,520,5651,598,2424,7639,6696,407,3223,2252,658,863,2474,1818
318,51089,2.92,40,53,69,114,10,1394,150,5486,3614,4647,300,47,379,0,167,872,865,67,390,166,38,0,140,0
319,51091,2.53,0,43,0,59,46,0,0,271,707,277,20,0,0,0,0,376,31,17,0,5,20,17,4,0
320,51093,2.99,55,48,17,121,14,332,152,5215,3806,3589,1103,19,453,186,103,809,996,51,505,191,49,66,363,36
321,51095,2.89,27,58,26,118,28,922,975,11667,11312,8902,3959,174,1832,124,606,2190,2821,181,164,719,281,178,690,226
322,51097,2.94,22,23,0,90,0,155,0,926,655,533,97,11,22,0,30,219,140,0,556,0,0,0,0,0
323,51099,3.28,64,74,56,158,25,20,200,3664,4515,2943,951,28,590,55,107,584,475,17,123,147,21,70,104,42
324,51101,3,68,60,75,103,25,82,12,2805,1778,1209,832,21,410,0,99,439,468,7,359,59,13,34,111,17
325,51103,2.34,7,20,0,48,10,24,35,2690,1296,1119,291,66,71,0,20,272,346,9,21,46,41,18,139,57
326,51105,2.91,34,31,38,61,8,122,123,1730,2374,3157,477,44,152,0,11,604,266,0,242,74,32,0,97,22
327,51107,3.5,28,68,10,124,43,15150,20827,35116,46823,40142,21219,820,9878,680,3077,6785,7656,697,5346,3622,846,1227,2672,1244
328,51109,2.86,44,55,19,118,19,354,68,4246,4326,3568,847,8,462,53,138,675,587,73,37,160,23,16,249,0
329,51111,3.17,63,40,68,65,15,226,0,1836,628,909,220,0,147,0,3,398,335,14,614,18,34,0,190,3
330,51113,2.91,36,43,30,113,0,85,114,3352,3103,2144,704,22,103,0,44,397,197,17,133,136,48,42,77,29
331,51115,2.7,17,45,0,74,44,17,19,2631,1416,1586,232,0,132,25,57,143,468,0,0,49,0,0,116,0
332,51117,3.15,68,68,59,155,13,431,176,3737,2715,2307,546,10,181,0,67,509,450,9,2192,90,20,5,101,64
333,51119,2.9,26,29,0,73,12,65,0,3374,1627,1368,306,23,118,3,55,497,319,0,0,46,14,23,0,17
334,51121,2.84,11,33,5,48,25,428,3292,11291,16303,12238,4389,80,2284,138,700,3115,3217,70,398,915,278,252,753,142
335,51125,2.74,28,24,0,68,0,118,17,2604,1088,1595,278,2,199,0,68,418,426,0,14,99,54,24,161,0
336,51127,3.03,0,22,0,28,22,60,72,2610,2342,2673,666,23,674,0,0,518,450,73,48,66,27,11,183,56
337,51131,3,32,42,38,102,0,417,53,1585,964,745,289,8,98,0,40,186,85,0,1171,24,5,11,67,25
338,51133,2.73,97,61,220,79,14,27,0,2934,1644,1316,306,12,64,16,0,259,174,0,33,108,21,0,92,0
339,51135,3.22,45,50,0,132,3,308,23,1439,1345,988,235,8,246,0,0,231,174,0,1086,32,105,12,95,0
340,51137,3,35,53,24,110,21,425,164,5591,6878,4953,1334,154,664,0,105,785,996,29,313,354,57,11,166,69
341,51139,2.97,32,37,12,87,10,150,54,3852,4970,2429,400,3,302,17,28,714,436,30,1,46,143,28,235,0
342,51141,3.25,26,17,0,37,10,80,5,2246,1418,1817,56,5,71,0,12,390,315,13,5,48,37,4,18,0
343,51143,2.82,57,46,47,85,19,789,181,7003,3713,5762,571,13,344,56,95,1114,760,49,267,91,49,66,137,63
344,51145,2.81,15,47,44,140,6,216,98,3763,3444,2772,767,30,301,88,121,917,914,0,5,147,0,30,194,39
345,51147,3.06,30,31,34,58,0,239,44,2631,2676,1916,696,78,681,23,155,587,492,27,60,183,166,11,224,3
346,51149,3.22,14,25,0,54,14,316,378,5250,3321,2879,841,19,473,57,167,736,668,16,625,81,0,27,167,134
347,51153,3.43,34,65,16,116,38,31919,15553,32202,47338,39295,18711,1010,9591,1063,2498,6664,7716,821,14300,3636,1348,1237,2743,3925
348,51155,2.76,34,54,112,113,0,143,164,4056,4894,4304,506,0,221,11,140,867,848,17,10,229,29,77,266,15
349,51157,2.68,97,82,0,153,63,52,39,1733,1655,1288,325,0,140,114,18,121,314,16,0,27,36,7,110,0
350,51159,3.27,98,95,0,271,32,248,19,1847,743,967,113,0,68,8,2,105,82,0,2,75,0,0,2,27
351,51161,2.89,38,51,8,111,25,683,1213,15266,15325,12330,3182,141,1309,103,285,3956,3088,241,374,678,272,160,718,111
352,51163,2.85,37,51,14,124,13,88,145,2914,3522,2819,340,0,209,15,100,1376,485,41,49,59,90,10,155,18
353,51165,2.92,34,63,56,122,21,1436,141,6705,15473,5304,1331,83,759,33,249,1426,1146,62,154,445,1407,643,315,39
354,51167,3.05,26,29,7,78,0,0,38,2128,3837,3171,212,0,415,18,68,856,596,0,6,33,0,0,238,13
355,51169,2.87,2,32,7,65,15,101,43,2322,1985,2915,320,0,95,0,2,1030,514,0,0,26,0,0,43,0
356,51171,2.9,40,44,42,85,15,1069,312,4796,10387,4900,1055,46,427,22,297,928,1005,0,50,320,191,25,246,15
357,51173,3.02,20,39,0,100,6,186,8,3169,3341,2527,222,0,203,24,25,1298,658,0,14,161,48,13,265,34
358,51175,3.06,66,51,7,94,36,23,25,2360,811,1228,484,2,245,2,79,113,291,0,1567,11,6,0,21,14
359,51177,3.29,52,58,32,108,30,2425,1660,15060,19761,17431,5904,230,3475,302,369,2591,3480,191,396,1062,208,385,668,482
360,51179,3.38,31,58,10,130,27,3143,2298,13074,18946,14466,6684,168,3408,367,861,2667,3016,353,1981,1547,290,331,1173,1251
361,51181,3.44,49,47,0,133,13,61,58,1150,403,435,210,7,22,0,14,251,132,69,215,9,0,0,21,7
362,51183,3.84,54,50,0,88,39,64,0,1059,387,560,54,0,3,3,54,69,96,0,555,46,5,17,17,0
363,51185,2.89,35,49,24,111,10,14,246,4215,6250,6872,1228,11,487,0,59,1427,626,0,309,74,48,0,197,0
364,51187,3.13,35,63,7,142,23,654,178,5995,7472,5303,1331,79,861,70,56,1393,1325,69,131,375,35,102,398,60
365,51191,2.69,44,56,42,129,9,144,123,7779,6990,6461,979,0,494,12,212,2876,1421,3,104,295,23,29,313,28
366,51193,2.99,94,72,17,178,11,443,68,3295,2146,1776,353,69,178,8,140,441,390,10,192,57,28,16,169,23
367,51195,2.99,29,38,17,80,9,259,96,3677,3352,5132,457,8,361,19,9,1335,1004,0,38,157,14,0,107,81
368,51197,3.04,11,39,1,84,16,112,9,3168,4621,2145,340,0,132,64,61,972,318,12,3,34,39,39,125,0
369,51199,2.97,25,64,4,160,26,709,1970,10395,10701,8441,4050,158,1739,333,460,1867,2157,282,476,645,132,155,551,381
370,51510,3,15,55,23,67,43,8520,3949,14370,17585,16197,6888,497,3772,263,1579,3718,3681,575,11045,1313,557,574,1378,895
371,51515,2.67,16,31,0,90,0,29,22,500,648,769,239,38,73,0,13,143,156,0,38,46,126,33,29,41
372,51520,2.75,44,62,146,101,0,35,113,2691,2590,1893,287,0,80,8,26,708,754,0,22,84,22,8,55,0
373,51530,2.87,0,19,0,49,0,0,21,686,691,841,106,0,137,0,0,210,196,0,2,0,54,0,113,3
374,51540,2.99,15,29,0,38,21,688,1955,5369,5474,4188,1970,110,1076,75,463,1276,1377,80,857,388,121,195,486,173
375,51550,3.16,52,57,41,118,17,2065,3704,23004,23878,23779,9849,404,4475,340,1055,4768,4713,241,6079,1437,311,394,1391,1372
376,51570,3.04,3,15,0,21,16,46,371,3886,1904,2009,441,10,280,129,13,676,509,0,372,109,21,34,151,82
377,51580,3.02,12,55,0,165,15,0,27,403,683,525,137,0,0,0,0,229,80,0,10,35,8,0,14,0
378,51590,2.92,32,53,0,113,17,589,148,3824,2445,3144,440,68,246,34,27,1070,638,0,415,96,23,0,92,157
379,51595,2.95,93,95,0,183,9,66,40,539,118,225,8,0,22,0,65,85,57,0,1158,18,0,0,4,0
380,51600,3.12,2,53,0,89,31,922,2181,2905,3774,2886,1305,35,505,203,223,927,554,45,192,142,33,137,339,110
381,51610,3.07,0,51,0,80,43,283,692,1663,1868,1541,626,107,470,8,343,431,608,61,265,141,148,33,171,0
382,51620,3.08,81,72,0,195,0,14,57,897,480,463,188,22,159,17,0,116,127,0,1177,17,9,0,36,272
383,51630,3.09,28,44,10,61,36,1208,231,2679,2648,2932,1453,8,352,26,39,442,520,61,177,116,19,38,121,245
384,51640,2.54,0,37,0,87,0,332,0,547,540,739,68,0,14,0,44,194,83,0,0,16,0,0,26,0
385,51650,3.2,22,41,20,78,10,913,2178,11293,11438,9309,4012,61,1790,155,343,1883,2371,113,1385,731,147,268,591,1505
386,51660,3.02,18,36,6,59,15,3049,736,3298,5744,3199,1316,57,645,76,412,678,885,85,696,499,947,87,269,56
387,51670,3.33,40,48,48,87,9,132,55,3357,1541,1932,431,0,121,19,17,71,431,46,175,37,71,0,64,41
388,51678,2.89,0,12,0,0,41,63,240,983,1542,924,555,0,114,10,33,663,387,23,19,48,42,31,182,12
389,51680,3.03,27,49,9,92,10,659,1085,11153,9670,7428,2463,119,845,90,344,2312,1953,40,690,765,113,177,533,379
390,51683,3.56,42,60,0,92,49,5905,972,3361,4356,4207,1136,84,846,139,216,670,712,64,600,211,196,90,245,113
391,51685,3.79,46,55,0,91,32,2111,632,664,1118,865,311,21,107,64,0,136,239,11,277,84,91,24,0,14
392,51690,2.92,37,37,52,82,0,297,79,1404,1134,1004,202,5,56,34,34,324,195,0,221,11,8,0,66,28
393,51700,3.04,54,67,48,112,21,3916,3102,16065,18595,15003,6523,267,2560,653,1076,2631,3478,255,2791,1194,321,166,1147,1803
394,51710,3.35,42,61,33,99,17,3688,4696,17259,21630,18670,7732,394,3935,589,1257,4291,4078,310,7514,1421,132,327,1352,3233
395,51720,3.01,0,0,0,0,0,5,0,297,188,645,147,0,49,0,0,168,108,0,0,0,0,0,30,10
396,51730,3.48,37,37,0,68,17,205,99,1724,649,700,307,0,72,13,39,150,219,9,392,27,9,42,47,102
397,51735,2.96,50,45,0,116,28,21,310,2340,2189,1994,712,0,287,58,126,306,449,26,0,271,7,37,35,0
398,51740,3.09,65,73,38,132,20,536,492,6956,6196,7234,2246,14,1014,10,181,1265,1328,63,1537,274,149,99,630,558
399,51750,2.91,2,23,0,33,41,195,384,1843,3595,2873,813,34,385,8,347,437,452,31,237,80,59,11,379,5
400,51760,3.14,34,48,26,72,21,6303,2646,17306,15116,13508,5931,356,3326,237,1033,3760,4819,357,3495,919,469,339,1361,1019
401,51770,2.93,50,54,78,88,14,1983,1010,11585,11064,8815,2371,125,900,121,207,4130,1431,122,1443,462,72,80,580,779
402,51775,2.9,29,48,27,81,27,429,136,3942,3970,2984,695,10,210,0,38,737,842,17,153,168,44,50,311,96
403,51790,2.83,9,23,14,39,9,65,70,2696,3714,2116,861,6,333,8,72,1396,715,0,67,334,71,28,148,40
404,51800,3.2,40,57,5,130,20,334,661,8185,7741,6468,2570,83,965,225,230,1643,1602,0,1296,322,177,70,219,685
405,51810,3.11,32,54,20,99,21,4988,17840,46041,61102,53967,29421,1003,12195,1526,3594,9951,11694,902,27060,3784,849,1238,4057,4169
406,51820,2.89,60,51,0,111,3,171,83,3061,3641,2353,544,0,240,0,138,1052,575,15,52,150,86,0,256,65
407,51830,2.67,2,12,0,22,5,288,173,2170,2838,1964,1382,64,421,14,332,566,442,38,63,240,6,35,188,103
408,51840,3.25,42,41,0,76,14,2134,290,3048,4854,2899,1153,18,453,64,99,919,638,22,157,160,73,14,179,282
409,54001,3.07,26,30,22,55,12,1,1,1854,4147,2102,580,40,502,0,25,600,517,7,2,92,29,0,38,12
410,54003,3.07,38,50,25,102,15,992,545,11596,25706,14698,5704,147,1792,320,515,2354,2175,178,193,701,157,164,960,629
411,54005,2.99,42,40,22,89,8,11,4,2183,3716,2957,376,0,224,0,120,683,265,0,17,23,14,0,78,27
412,54007,2.83,13,36,16,73,14,29,3,1767,3178,2327,250,4,148,0,44,489,75,11,30,223,25,0,66,0
413,54009,2.9,35,47,18,102,16,12,26,2562,5292,4523,3890,36,1354,0,134,1256,678,348,37,118,102,77,392,4
414,54011,2.88,21,41,31,66,18,112,523,15670,13956,15286,2923,61,1227,19,336,2904,2536,39,206,321,148,31,1002,79
415,54013,2.93,63,49,129,63,17,5,1,476,1710,1550,228,0,149,0,67,222,133,0,18,0,0,0,35,0
416,54015,3.22,46,61,42,158,0,0,0,1326,1043,1747,83,2,15,0,42,228,425,0,0,0,35,0,66,1
417,54017,3.32,51,46,0,88,29,0,0,899,2093,1367,190,0,86,0,96,194,45,0,0,0,45,0,94,0
418,54019,2.98,45,51,33,105,13,31,23,4559,8000,7096,1580,21,598,10,160,1233,1051,18,20,139,10,17,478,60
419,54021,3.23,29,30,0,76,0,282,21,765,1595,932,218,0,65,0,20,180,127,0,119,93,0,10,13,55
420,54023,2.88,23,74,0,180,20,51,0,679,3051,1001,227,0,37,7,22,122,131,0,22,6,231,0,8,13
421,54025,2.79,21,46,13,104,10,43,19,4228,5444,6246,706,10,336,2,117,1802,1276,61,159,72,7,7,132,12
422,54027,3.17,19,19,0,47,6,34,115,1725,6759,2785,567,4,237,6,15,394,365,0,0,6,0,29,96,0
423,54029,2.81,50,61,0,152,16,53,29,3899,6038,5950,4785,98,2303,43,379,1483,911,484,35,94,51,125,295,0
424,54031,3.63,20,37,0,65,29,311,0,2136,5183,1006,168,0,161,13,83,208,304,10,45,10,11,0,74,0
425,54033,2.98,39,59,25,122,18,130,265,8262,14150,12580,6772,160,1010,0,197,2156,1737,265,142,246,165,96,490,12
426,54035,3,23,32,33,60,12,24,0,4408,5974,5296,792,0,294,5,84,1079,661,3,0,86,35,11,141,43
427,54037,3.11,20,42,4,77,29,427,314,8622,13168,6781,2672,65,1352,57,394,848,1418,85,221,445,402,93,409,57
428,54039,2.96,29,42,30,84,11,336,1061,27229,28384,26809,6634,261,2104,245,755,6749,4847,181,466,1234,219,61,1486,180
429,54041,2.99,21,36,0,66,22,0,58,1175,2289,1885,452,0,120,0,25,343,174,81,0,22,20,0,95,35
430,54043,2.87,65,51,87,82,17,0,33,2719,2588,2982,510,0,201,0,73,657,215,19,0,18,0,0,0,5
431,54045,2.9,17,33,69,62,1,43,91,2713,5204,5663,1223,21,114,3,125,673,360,4,0,24,15,0,241,30
432,54047,3.3,31,32,15,40,30,44,48,2139,2621,3063,657,0,94,0,3,256,63,28,669,21,9,11,76,0
433,54049,2.98,47,50,48,95,9,244,59,6611,13945,10733,5800,79,2332,14,374,1695,907,198,21,443,108,20,398,31
434,54051,2.82,45,44,114,64,10,98,145,4277,9523,6042,2087,106,2064,24,156,1242,595,201,2,73,103,51,525,0
435,54053,2.95,29,41,6,99,4,12,12,2361,5571,3334,653,0,114,11,12,389,623,15,7,7,81,24,290,3
436,54055,3.01,32,58,48,120,7,272,203,7985,8094,10218,2409,23,538,63,244,1432,1294,31,67,113,39,6,219,0
437,54057,3.13,26,39,10,79,19,129,12,3039,9108,4521,1458,0,518,11,37,463,875,13,78,9,10,12,346,0
438,54059,3.01,27,33,51,69,0,13,51,1986,2050,3241,632,0,50,0,56,307,170,0,3,64,0,0,72,0
439,54061,3.22,17,37,10,52,25,471,1401,11449,23397,16863,10486,248,4472,164,971,3066,2425,906,483,753,204,331,1498,184
440,54063,2.93,28,53,20,124,14,32,0,1978,2376,2267,131,0,61,19,23,640,459,13,23,110,39,0,47,0
441,54065,3.42,33,48,41,109,10,3,89,1940,4086,1977,606,13,153,0,0,371,483,3,0,55,36,0,53,0
442,54067,3.01,37,45,12,119,6,13,59,3411,4329,5462,645,0,310,0,9,876,363,21,0,47,7,5,71,105
443,54069,2.96,34,42,21,92,8,63,209,5702,14753,8941,3877,194,3227,20,198,1391,1081,259,102,234,254,273,447,15
444,54071,2.86,41,65,78,152,0,18,5,560,2280,562,129,0,34,0,57,101,97,0,67,22,26,12,49,0
445,54073,3.53,23,60,0,154,18,12,0,966,1398,912,259,0,28,0,15,183,235,0,0,5,0,0,193,5
446,54075,2.68,32,69,0,153,25,17,19,1255,2322,1645,130,0,46,5,8,312,574,0,0,2,28,0,18,5
447,54077,2.85,33,54,14,124,9,170,45,2887,9333,4298,1541,35,763,0,39,711,487,83,72,55,40,45,344,13
448,54079,3.02,15,58,5,127,23,44,271,5973,6895,5584,1241,10,616,33,45,1815,1126,207,0,216,133,25,444,7
449,54081,2.98,42,51,51,99,12,1006,263,6677,7347,7187,2257,38,1184,18,141,1328,994,57,231,113,114,29,284,103
450,54083,2.97,41,44,34,88,14,66,113,3857,8167,4814,1745,59,605,26,55,1241,965,26,53,262,493,16,263,8
451,54085,3.07,34,52,13,133,8,18,5,1099,2296,1282,240,15,115,12,6,417,212,3,0,68,8,0,53,0
452,54087,3.11,20,55,63,116,10,60,5,1563,2337,2929,239,19,102,0,87,459,123,10,0,13,0,0,56,0
453,54089,3.11,63,48,254,43,5,35,78,2269,2316,2582,399,0,367,0,0,233,180,26,41,72,43,22,49,7
454,54091,2.93,54,96,71,185,36,23,56,1854,4554,3842,1208,0,577,85,0,280,211,154,28,27,0,137,219,0
455,54093,2.65,73,65,10,146,24,3,7,478,1985,1097,308,28,222,0,3,104,259,0,0,42,35,0,38,0
456,54095,2.96,30,36,24,97,0,10,0,1297,2058,1138,268,8,159,0,15,283,179,0,0,38,57,0,76,0
457,54097,2.98,15,47,5,101,17,96,42,1919,4281,2353,636,12,252,21,56,251,599,54,5,58,35,15,190,63
458,54099,3.12,22,44,17,102,9,52,49,6882,5266,7468,942,0,228,0,127,1290,892,19,0,73,3,52,322,0
459,54101,2.62,48,49,12,138,0,0,0,936,1206,1248,254,0,87,0,0,225,123,0,0,58,14,0,56,0
460,54103,2.91,73,60,54,125,17,25,74,2086,4449,2421,483,30,391,11,42,285,254,41,0,185,119,0,175,0
461,54105,2.84,23,42,202,26,5,0,0,409,1514,909,164,0,21,0,0,109,123,0,0,0,0,0,23,20
462,54107,2.91,44,50,66,92,14,175,334,11560,17429,11435,2499,10,911,74,205,2294,1791,204,192,231,208,77,558,6
463,54109,3.1,30,40,53,77,7,90,0,3715,3124,3370,430,0,177,0,0,326,384,0,1,6,14,0,186,23